연도,자치구,노후주택수,전체주택수,노후주택비율,정비공급우선지수,우선순위
2015,강남구,85910,176654,0.4863178869428374,60.0,검토
2015,강동구,49194,119824,0.4105521431432768,52.8,검토
2015,강북구,42949,91806,0.4678234538047622,79.19999999999999,우선 검토
2015,강서구,69042,179045,0.38561255550280654,34.4,관찰
2015,관악구,47414,121277,0.3909562406721802,46.4,검토
2015,광진구,29423,79393,0.37059942312294536,51.2,검토
2015,구로구,40023,118047,0.3390429235812854,30.4,관찰
2015,금천구,21828,57096,0.3823034888608659,59.2,검토
2015,노원구,118827,186626,0.6367119265268505,61.6,검토
2015,도봉구,56700,102443,0.5534785197622092,78.39999999999999,우선 검토
2015,동대문구,32226,98203,0.3281569809476289,36.0,관찰
2015,동작구,44584,109362,0.40767359777619283,55.2,검토
2015,마포구,36240,116135,0.3120506307314763,27.199999999999996,관찰
2015,서대문구,35261,92885,0.3796199601657964,48.8,검토
2015,서초구,51840,125403,0.41338723953972395,52.00000000000001,검토
2015,성동구,24858,82331,0.3019275849922872,35.199999999999996,관찰
2015,성북구,38923,128046,0.30397669587491993,16.799999999999997,관찰
2015,송파구,71877,187030,0.3843073303748062,26.4,관찰
2015,양천구,62906,134097,0.46910818288254025,60.8,검토
2015,영등포구,42612,96195,0.44297520661157025,71.2,우선 검토
2015,용산구,31251,70723,0.44187887957241634,76.8,우선 검토
2015,은평구,48773,140330,0.3475593244495119,23.200000000000003,관찰
2015,종로구,20028,43550,0.45988518943742823,84.80000000000001,우선 검토
2015,중구,10762,37478,0.28715513101019263,40.8,관찰
2015,중랑구,38151,99265,0.3843348612300408,51.2,검토
2016,강남구,85375,176135,0.4847134300394584,57.599999999999994,검토
2016,강동구,43365,116063,0.37363328537087614,36.8,관찰
2016,강북구,44137,93623,0.4714333016459631,77.6,우선 검토
2016,강서구,70280,184422,0.38108251727017384,27.2,관찰
2016,관악구,50591,123911,0.408284978734737,44.0,관찰
2016,광진구,34241,82691,0.4140837576036086,66.4,검토
2016,구로구,44123,120431,0.3663757670367264,31.2,관찰
2016,금천구,22847,58938,0.38764464352370287,61.6,검토
2016,노원구,122571,189013,0.6484792051340384,61.6,검토
2016,도봉구,62243,104170,0.597513679562254,78.39999999999999,우선 검토
2016,동대문구,32371,96464,0.33557596616354285,35.2,관찰
2016,동작구,45630,111438,0.409465352931675,52.8,검토
2016,마포구,37971,118456,0.3205494023097184,23.2,관찰
2016,서대문구,37313,92788,0.4021317411734276,57.599999999999994,검토
2016,서초구,53698,129491,0.4146851904765582,48.0,검토
2016,성동구,27946,80977,0.3451103399730788,46.4,검토
2016,성북구,39421,128502,0.3067734354329115,16.0,관찰
2016,송파구,72748,191349,0.38018489775227465,21.599999999999998,관찰
2016,양천구,64599,137651,0.4692955372645313,56.0,검토
2016,영등포구,45240,97089,0.46596421839755275,69.6,검토
2016,용산구,31946,70868,0.4507817350567252,74.4,우선 검토
2016,은평구,48892,142135,0.3439828332219369,18.400000000000002,관찰
2016,종로구,21691,43554,0.49802543968407037,92.0,우선 검토
2016,중구,11059,38311,0.2886638302315262,40.8,관찰
2016,중랑구,47572,102387,0.4646292986414291,65.6,검토
2017,강남구,82996,173282,0.4789649242275597,50.4,검토
2017,강동구,43502,120940,0.359699024309575,32.8,관찰
2017,강북구,44351,94526,0.4691936610033218,70.39999999999999,우선 검토
2017,강서구,72199,188176,0.3836780460845166,25.6,관찰
2017,관악구,51420,124170,0.4141096883305146,46.4,검토
2017,광진구,37248,84316,0.4417666872242516,70.4,우선 검토
2017,구로구,45629,121684,0.374979454981756,36.0,관찰
2017,금천구,23082,62314,0.37041435311486987,54.400000000000006,검토
2017,노원구,124762,187025,0.6670872877957492,63.199999999999996,검토
2017,도봉구,66136,104752,0.6313578738353445,78.39999999999999,우선 검토
2017,동대문구,32696,97891,0.33400414747014534,35.2,관찰
2017,동작구,47657,111548,0.427233119374619,55.2,검토
2017,마포구,39381,118355,0.3327362595581091,24.799999999999997,관찰
2017,서대문구,39047,94398,0.4136422381830124,60.0,검토
2017,서초구,51950,128977,0.40278499267311224,40.0,관찰
2017,성동구,30183,86650,0.348332371609925,44.8,관찰
2017,성북구,40025,130766,0.3060810914151997,14.399999999999999,관찰
2017,송파구,77903,196672,0.39610620728929385,26.4,관찰
2017,양천구,66756,137056,0.48707097828624796,58.4,검토
2017,영등포구,47717,99225,0.48089695137314187,72.0,우선 검토
2017,용산구,32742,71356,0.4588541958629968,74.4,우선 검토
2017,은평구,48454,143727,0.337125244386928,18.400000000000002,관찰
2017,종로구,23710,45787,0.517832572564265,92.0,우선 검토
2017,중구,11362,39512,0.2875582101640008,40.8,관찰
2017,중랑구,50568,103740,0.4874493927125506,75.2,우선 검토
2018,강남구,81596,171431,0.4759699237594134,45.6,검토
2018,강동구,44357,122718,0.36145471731938267,28.0,관찰
2018,강북구,45875,95097,0.48240217882793357,70.39999999999999,우선 검토
2018,강서구,74831,190525,0.3927621047106679,23.2,관찰
2018,관악구,52528,125148,0.41972704318087384,46.4,검토
2018,광진구,38704,85638,0.4519489011887246,70.4,우선 검토
2018,구로구,49276,124569,0.3955719320216105,38.4,관찰
2018,금천구,25436,65244,0.38985960394825575,54.400000000000006,검토
2018,노원구,131737,186533,0.7062396466040861,63.199999999999996,검토
2018,도봉구,67799,105526,0.6424862119288137,80.0,우선 검토
2018,동대문구,34953,100802,0.3467490724390389,33.6,관찰
2018,동작구,48378,112032,0.4318230505569837,55.2,검토
2018,마포구,40638,118619,0.34259267065141336,24.799999999999997,관찰
2018,서대문구,39374,94884,0.4149698579317904,60.0,검토
2018,서초구,52778,132040,0.3997122084216904,38.4,관찰
2018,성동구,32665,87830,0.3719116475008539,47.2,검토
2018,성북구,47531,129994,0.36563995261319754,25.6,관찰
2018,송파구,79464,199739,0.39783918013006975,26.4,관찰
2018,양천구,69475,137850,0.5039898440333695,58.4,검토
2018,영등포구,49858,99971,0.4987246301427414,73.6,우선 검토
2018,용산구,36474,71680,0.5088448660714285,86.4,우선 검토
2018,은평구,48817,144611,0.3375745966766014,11.200000000000001,관찰
2018,종로구,25037,45729,0.5475081458155656,92.0,우선 검토
2018,중구,11717,40177,0.29163451726111955,40.8,관찰
2018,중랑구,51830,105691,0.4903918025186629,66.4,검토
2019,강남구,79281,170444,0.46514397690737136,45.6,검토
2019,강동구,39697,123014,0.32270310696343507,20.8,관찰
2019,강북구,46511,97070,0.47914906768311527,72.0,우선 검토
2019,강서구,80004,193551,0.41334841979633274,28.0,관찰
2019,관악구,52873,126526,0.4178824905553009,43.199999999999996,관찰
2019,광진구,40646,89132,0.4560202845218328,68.0,검토
2019,구로구,57279,129693,0.4416506673451921,46.4,검토
2019,금천구,26352,67012,0.3932430012535068,59.2,검토
2019,노원구,142198,187376,0.7588912133891214,63.199999999999996,검토
2019,도봉구,68831,106641,0.6454459354282124,80.0,우선 검토
2019,동대문구,34438,104821,0.32854103662434053,31.2,관찰
2019,동작구,49211,115075,0.42764284162502714,50.400000000000006,검토
2019,마포구,41403,119298,0.3470552733490922,29.599999999999998,관찰
2019,서대문구,44625,97616,0.45714841829208325,65.6,검토
2019,서초구,49839,131777,0.37820712263900375,28.0,관찰
2019,성동구,35240,91037,0.38709535683293606,49.599999999999994,검토
2019,성북구,53392,136437,0.39133079736435133,31.199999999999996,관찰
2019,송파구,77279,208692,0.37030168861288404,14.399999999999999,관찰
2019,양천구,71185,139938,0.5086895625205448,58.4,검토
2019,영등포구,52502,101603,0.5167367105302009,78.4,우선 검토
2019,용산구,36851,72463,0.5085491906214206,81.6,우선 검토
2019,은평구,46963,148557,0.316127816259079,8.8,관찰
2019,종로구,25252,46440,0.543755383290267,92.0,우선 검토
2019,중구,14294,41754,0.3423384585907937,48.0,검토
2019,중랑구,53749,107997,0.4976897506412215,66.4,검토
2020,강남구,82032,173745,0.4721402054735388,43.199999999999996,관찰
2020,강동구,44531,137876,0.322978618468769,16.0,관찰
2020,강북구,47194,97452,0.48427944013463037,72.0,우선 검토
2020,강서구,83660,195383,0.4281846424714535,28.0,관찰
2020,관악구,57705,127568,0.4523469835695472,47.2,검토
2020,광진구,41991,89832,0.4674392198771039,65.6,검토
2020,구로구,63446,133012,0.4769945568820858,55.2,검토
2020,금천구,29117,68804,0.4231876053717807,59.2,검토
2020,노원구,151272,189213,0.7994799511661461,63.199999999999996,검토
2020,도봉구,69204,107156,0.6458247788271305,81.6,우선 검토
2020,동대문구,39832,103520,0.3847758887171561,37.6,관찰
2020,동작구,50754,115615,0.438991480344246,48.0,검토
2020,마포구,48382,122311,0.3955654029482222,34.4,관찰
2020,서대문구,47292,101036,0.4680707866503029,63.199999999999996,검토
2020,서초구,50645,133528,0.3792837457312324,22.4,관찰
2020,성동구,36579,91329,0.4005190027264067,52.0,검토
2020,성북구,55346,138621,0.39926129518615505,28.799999999999997,관찰
2020,송파구,79746,211578,0.3769106428834756,7.199999999999999,관찰
2020,양천구,79082,143769,0.550062948201629,60.8,검토
2020,영등포구,56736,107366,0.528435445112978,70.4,우선 검토
2020,용산구,39538,74542,0.5304123849641813,84.0,우선 검토
2020,은평구,48571,150658,0.32239243850309973,8.8,관찰
2020,종로구,27680,46859,0.5907082950980601,92.0,우선 검토
2020,중구,16701,42234,0.39543969313822985,52.8,검토
2020,중랑구,55144,112364,0.4907621658182336,66.4,검토
2021,강남구,83282,175536,0.47444398869747517,33.599999999999994,관찰
2021,강동구,45438,146249,0.3106893038584879,10.399999999999999,관찰
2021,강북구,48825,97840,0.4990290269828291,67.19999999999999,검토
2021,강서구,89331,199556,0.4476487802922488,25.6,관찰
2021,관악구,63654,127783,0.4981413803088048,52.0,검토
2021,광진구,43678,91432,0.4777102108670925,61.6,검토
2021,구로구,70984,134367,0.5282844746105815,60.0,검토
2021,금천구,29786,71117,0.4188309405627346,54.400000000000006,검토
2021,노원구,157662,190352,0.8282655291249895,63.199999999999996,검토
2021,도봉구,72602,107959,0.6724960401633954,81.6,우선 검토
2021,동대문구,41282,104287,0.3958499141791403,37.6,관찰
2021,동작구,54747,119534,0.4580035805712182,45.599999999999994,검토
2021,마포구,50024,126005,0.3970001190428951,31.999999999999996,관찰
2021,서대문구,51055,102024,0.5004214694581667,68.0,검토
2021,서초구,50389,135171,0.37277966427710085,19.999999999999996,관찰
2021,성동구,46506,91033,0.5108696846198632,75.19999999999999,우선 검토
2021,성북구,56337,140138,0.40201087499464816,28.0,관찰
2021,송파구,81145,215731,0.3761397295706227,9.6,관찰
2021,양천구,82849,145843,0.5680697736607173,60.0,검토
2021,영등포구,59898,110396,0.5425740063045763,70.4,우선 검토
2021,용산구,44210,75739,0.583715126949128,86.4,우선 검토
2021,은평구,51580,156710,0.32914300299917043,11.200000000000001,관찰
2021,종로구,28834,46885,0.6149941345846219,92.0,우선 검토
2021,중구,18704,42319,0.44197641721212694,60.0,검토
2021,중랑구,54752,114488,0.47823352665781566,54.400000000000006,검토
2022,강남구,92748,178493,0.5196170157933364,33.599999999999994,관찰
2022,강동구,49953,148323,0.33678525919783175,10.399999999999999,관찰
2022,강북구,52706,99477,0.5298310162148034,67.19999999999999,검토
2022,강서구,102580,201611,0.5088016030871332,28.0,관찰
2022,관악구,67750,129778,0.5220453389634607,49.6,검토
2022,광진구,48786,93555,0.5214686548019881,61.6,검토
2022,구로구,76864,137403,0.5594055442748703,53.6,검토
2022,금천구,33567,72044,0.46592360224307366,54.400000000000006,검토
2022,노원구,163925,192022,0.8536782243701243,63.199999999999996,검토
2022,도봉구,77835,109190,0.7128400036633391,81.6,우선 검토
2022,동대문구,47765,106441,0.44874625379318117,42.400000000000006,관찰
2022,동작구,58671,120374,0.48740591822154283,40.8,관찰
2022,마포구,53163,127057,0.41841850508039696,31.999999999999996,관찰
2022,서대문구,55418,105047,0.5275543328224509,63.199999999999996,검토
2022,서초구,52554,132706,0.3960182659412536,21.599999999999998,관찰
2022,성동구,50798,90740,0.5598192638307251,75.19999999999999,우선 검토
2022,성북구,58564,142602,0.41068147711813296,23.200000000000003,관찰
2022,송파구,90292,220192,0.41006031100130796,9.6,관찰
2022,양천구,90502,146886,0.6161376850074207,62.4,검토
2022,영등포구,65814,112068,0.5872684441589036,70.4,우선 검토
2022,용산구,45830,77116,0.5942994968618704,84.0,우선 검토
2022,은평구,59780,160630,0.3721596214903816,11.200000000000001,관찰
2022,종로구,30111,46810,0.643259987182226,92.0,우선 검토
2022,중구,24475,42401,0.5772269521945237,84.0,우선 검토
2022,중랑구,58121,118357,0.4910651672482405,44.8,관찰
2023,강남구,99450,184608,0.5387090483619345,28.8,관찰
2023,강동구,55322,151178,0.3659394885499213,10.399999999999999,관찰
2023,강북구,57008,100418,0.5677069848035213,64.8,검토
2023,강서구,110386,203887,0.5414077405621741,28.0,관찰
2023,관악구,77855,130244,0.5977626608519394,64.0,검토
2023,광진구,52291,95286,0.5487794639296434,61.6,검토
2023,구로구,82058,137863,0.5952140893495717,55.99999999999999,검토
2023,금천구,36659,72901,0.5028600430721115,54.400000000000006,검토
2023,노원구,166696,192926,0.8640411349429314,63.199999999999996,검토
2023,도봉구,83734,109465,0.7649385648380761,83.19999999999999,우선 검토
2023,동대문구,54412,110169,0.49389574199638736,40.8,관찰
2023,동작구,66362,122058,0.5436923429844828,48.0,검토
2023,마포구,59655,129421,0.4609375603650103,29.599999999999998,관찰
2023,서대문구,59588,106640,0.5587771942985746,60.8,검토
2023,서초구,60092,136528,0.44014414625571313,21.599999999999998,관찰
2023,성동구,53925,91252,0.590945951869548,72.80000000000001,우선 검토
2023,성북구,69595,143240,0.4858628874616029,25.6,관찰
2023,송파구,99288,221082,0.44910033381279346,9.6,관찰
2023,양천구,96681,147619,0.6549360177212961,62.4,검토
2023,영등포구,68142,114173,0.5968311246967322,68.0,검토
2023,용산구,48391,77734,0.6225203900481128,84.0,우선 검토
2023,은평구,67312,165462,0.406812440318623,11.200000000000001,관찰
2023,종로구,31631,47025,0.67264221158958,92.0,우선 검토
2023,중구,25144,44191,0.5689846348804055,76.8,우선 검토
2023,중랑구,62403,119961,0.5201940630704979,42.4,관찰
2024,강남구,106688,192220,0.5550306939964624,26.4,관찰
2024,강동구,60987,155312,0.3926741011641084,10.399999999999999,관찰
2024,강북구,67231,101800,0.6604223968565816,79.19999999999999,우선 검토
2024,강서구,116635,204363,0.5707246419361626,30.4,관찰
2024,관악구,83044,130987,0.633986578820799,61.6,검토
2024,광진구,54295,95631,0.5677552258158965,56.8,검토
2024,구로구,85900,137950,0.6226893802102211,55.99999999999999,검토
2024,금천구,42061,72667,0.578818445786946,71.2,우선 검토
2024,노원구,168264,192808,0.8727023774947098,63.199999999999996,검토
2024,도봉구,87567,109638,0.7986920593224976,83.19999999999999,우선 검토
2024,동대문구,57516,110761,0.5192802520742861,38.4,관찰
2024,동작구,67689,120989,0.5594640835117242,43.2,관찰
2024,마포구,68030,129425,0.5256326057562295,34.4,관찰
2024,서대문구,60843,106311,0.5723114259107712,58.4,검토
2024,서초구,62171,134566,0.462011206396861,21.599999999999998,관찰
2024,성동구,56578,91231,0.6201620063355657,72.80000000000001,우선 검토
2024,성북구,73274,143758,0.5097038077880883,23.200000000000003,관찰
2024,송파구,108522,222795,0.48709351646132093,9.6,관찰
2024,양천구,101689,147679,0.6885813148788927,62.4,검토
2024,영등포구,70911,115011,0.6165584161514985,60.8,검토
2024,용산구,50040,78063,0.6410207140386611,81.6,우선 검토
2024,은평구,70512,163763,0.4305734506573524,11.200000000000001,관찰
2024,종로구,33250,47156,0.7051064551700738,92.0,우선 검토
2024,중구,25536,44572,0.5729157318495917,72.0,우선 검토
2024,중랑구,65588,120876,0.5426056454548462,40.0,관찰
2025,강남구,111219,192711,0.577128446222582,31.2,관찰
2025,강동구,63261,170045,0.37202505219206683,8.8,관찰
2025,강북구,67763,102100,0.663692458374143,76.8,우선 검토
2025,강서구,124171,205470,0.6043266656932885,37.6,관찰
2025,관악구,89326,132634,0.6734773889048057,66.4,검토
2025,광진구,54896,97994,0.5601975631161091,52.0,검토
2025,구로구,88004,139827,0.6293777310533731,53.6,검토
2025,금천구,42395,72909,0.581478281144989,66.4,검토
2025,노원구,170024,193185,0.8801097393689986,63.199999999999996,검토
2025,도봉구,89129,110066,0.8097777697018153,83.19999999999999,우선 검토
2025,동대문구,59390,116994,0.5076328700617125,34.400000000000006,관찰
2025,동작구,71080,121447,0.5852758816603127,54.400000000000006,검토
2025,마포구,71893,130128,0.552479097503996,36.8,관찰
2025,서대문구,62144,107145,0.579999066685333,55.99999999999999,검토
2025,서초구,65871,137444,0.47925700648991587,21.599999999999998,관찰
2025,성동구,58587,93729,0.6250680152354128,70.4,우선 검토
2025,성북구,81157,147191,0.5513720268222921,28.0,관찰
2025,송파구,111848,223437,0.5005795817165465,9.6,관찰
2025,양천구,105759,147727,0.7159083986001205,64.8,검토
2025,영등포구,72234,114728,0.629610905794575,67.19999999999999,검토
2025,용산구,50685,78493,0.6457263705043762,79.2,우선 검토
2025,은평구,71516,165146,0.4330471219405859,12.799999999999997,관찰
2025,종로구,33581,47214,0.7112509001567332,89.6,우선 검토
2025,중구,25669,44722,0.5739680694065561,62.4,검토
2025,중랑구,67305,123361,0.5455938262497873,33.599999999999994,관찰
