연도,자치구,주택유형,경과연수,노후주택수
2015,종로구,단독주택,20년~30년미만,2428
2015,중구,단독주택,20년~30년미만,1626
2015,용산구,단독주택,20년~30년미만,4447
2015,성동구,단독주택,20년~30년미만,5332
2015,광진구,단독주택,20년~30년미만,8399
2015,동대문구,단독주택,20년~30년미만,7186
2015,중랑구,단독주택,20년~30년미만,11480
2015,성북구,단독주택,20년~30년미만,8108
2015,강북구,단독주택,20년~30년미만,7558
2015,도봉구,단독주택,20년~30년미만,4166
2015,노원구,단독주택,20년~30년미만,2376
2015,은평구,단독주택,20년~30년미만,7840
2015,서대문구,단독주택,20년~30년미만,5103
2015,마포구,단독주택,20년~30년미만,5210
2015,양천구,단독주택,20년~30년미만,5225
2015,강서구,단독주택,20년~30년미만,5576
2015,구로구,단독주택,20년~30년미만,6360
2015,금천구,단독주택,20년~30년미만,4893
2015,영등포구,단독주택,20년~30년미만,8540
2015,동작구,단독주택,20년~30년미만,7163
2015,관악구,단독주택,20년~30년미만,9510
2015,서초구,단독주택,20년~30년미만,2206
2015,강남구,단독주택,20년~30년미만,3094
2015,송파구,단독주택,20년~30년미만,5797
2015,강동구,단독주택,20년~30년미만,6914
2015,종로구,아파트,20년~30년미만,2108
2015,중구,아파트,20년~30년미만,1047
2015,용산구,아파트,20년~30년미만,1848
2015,성동구,아파트,20년~30년미만,8471
2015,광진구,아파트,20년~30년미만,7530
2015,동대문구,아파트,20년~30년미만,4722
2015,중랑구,아파트,20년~30년미만,11433
2015,성북구,아파트,20년~30년미만,2058
2015,강북구,아파트,20년~30년미만,9567
2015,도봉구,아파트,20년~30년미만,37348
2015,노원구,아파트,20년~30년미만,102905
2015,은평구,아파트,20년~30년미만,5540
2015,서대문구,아파트,20년~30년미만,6866
2015,마포구,아파트,20년~30년미만,8190
2015,양천구,아파트,20년~30년미만,34037
2015,강서구,아파트,20년~30년미만,45227
2015,구로구,아파트,20년~30년미만,14276
2015,금천구,아파트,20년~30년미만,4208
2015,영등포구,아파트,20년~30년미만,10202
2015,동작구,아파트,20년~30년미만,17281
2015,관악구,아파트,20년~30년미만,7839
2015,서초구,아파트,20년~30년미만,13856
2015,강남구,아파트,20년~30년미만,28384
2015,송파구,아파트,20년~30년미만,25834
2015,강동구,아파트,20년~30년미만,7384
2015,종로구,연립주택,20년~30년미만,2517
2015,중구,연립주택,20년~30년미만,636
2015,용산구,연립주택,20년~30년미만,1034
2015,성동구,연립주택,20년~30년미만,539
2015,광진구,연립주택,20년~30년미만,1301
2015,동대문구,연립주택,20년~30년미만,528
2015,중랑구,연립주택,20년~30년미만,1886
2015,성북구,연립주택,20년~30년미만,2388
2015,강북구,연립주택,20년~30년미만,1689
2015,도봉구,연립주택,20년~30년미만,1882
2015,노원구,연립주택,20년~30년미만,1077
2015,은평구,연립주택,20년~30년미만,3391
2015,서대문구,연립주택,20년~30년미만,1895
2015,마포구,연립주택,20년~30년미만,1163
2015,양천구,연립주택,20년~30년미만,1323
2015,강서구,연립주택,20년~30년미만,1714
2015,구로구,연립주택,20년~30년미만,3217
2015,금천구,연립주택,20년~30년미만,1445
2015,영등포구,연립주택,20년~30년미만,446
2015,동작구,연립주택,20년~30년미만,2077
2015,관악구,연립주택,20년~30년미만,2680
2015,서초구,연립주택,20년~30년미만,2992
2015,강남구,연립주택,20년~30년미만,2178
2015,송파구,연립주택,20년~30년미만,3499
2015,강동구,연립주택,20년~30년미만,2139
2015,종로구,다세대주택,20년~30년미만,1957
2015,중구,다세대주택,20년~30년미만,1310
2015,용산구,다세대주택,20년~30년미만,3986
2015,성동구,다세대주택,20년~30년미만,2958
2015,광진구,다세대주택,20년~30년미만,3984
2015,동대문구,다세대주택,20년~30년미만,3186
2015,중랑구,다세대주택,20년~30년미만,3611
2015,성북구,다세대주택,20년~30년미만,6790
2015,강북구,다세대주택,20년~30년미만,13153
2015,도봉구,다세대주택,20년~30년미만,8609
2015,노원구,다세대주택,20년~30년미만,4567
2015,은평구,다세대주택,20년~30년미만,20759
2015,서대문구,다세대주택,20년~30년미만,7938
2015,마포구,다세대주택,20년~30년미만,10094
2015,양천구,다세대주택,20년~30년미만,14278
2015,강서구,다세대주택,20년~30년미만,10003
2015,구로구,다세대주택,20년~30년미만,5165
2015,금천구,다세대주택,20년~30년미만,2421
2015,영등포구,다세대주택,20년~30년미만,1898
2015,동작구,다세대주택,20년~30년미만,8416
2015,관악구,다세대주택,20년~30년미만,13505
2015,서초구,다세대주택,20년~30년미만,5782
2015,강남구,다세대주택,20년~30년미만,4772
2015,송파구,다세대주택,20년~30년미만,12121
2015,강동구,다세대주택,20년~30년미만,5087
2015,종로구,단독주택,30년 이상,8758
2015,중구,단독주택,30년 이상,3982
2015,용산구,단독주택,30년 이상,9096
2015,성동구,단독주택,30년 이상,4816
2015,광진구,단독주택,30년 이상,4855
2015,동대문구,단독주택,30년 이상,11236
2015,중랑구,단독주택,30년 이상,7006
2015,성북구,단독주택,30년 이상,16130
2015,강북구,단독주택,30년 이상,9590
2015,도봉구,단독주택,30년 이상,3792
2015,노원구,단독주택,30년 이상,4464
2015,은평구,단독주택,30년 이상,8550
2015,서대문구,단독주택,30년 이상,8609
2015,마포구,단독주택,30년 이상,6468
2015,양천구,단독주택,30년 이상,3361
2015,강서구,단독주택,30년 이상,3740
2015,구로구,단독주택,30년 이상,4955
2015,금천구,단독주택,30년 이상,3963
2015,영등포구,단독주택,30년 이상,6953
2015,동작구,단독주택,30년 이상,7532
2015,관악구,단독주택,30년 이상,8655
2015,서초구,단독주택,30년 이상,2741
2015,강남구,단독주택,30년 이상,1261
2015,송파구,단독주택,30년 이상,2640
2015,강동구,단독주택,30년 이상,2645
2015,종로구,아파트,30년 이상,1199
2015,중구,아파트,30년 이상,1795
2015,용산구,아파트,30년 이상,8679
2015,성동구,아파트,30년 이상,1515
2015,광진구,아파트,30년 이상,1851
2015,동대문구,아파트,30년 이상,2347
2015,중랑구,아파트,30년 이상,400
2015,성북구,아파트,30년 이상,1509
2015,강북구,아파트,30년 이상,30
2015,도봉구,아파트,30년 이상,104
2015,노원구,아파트,30년 이상,2658
2015,은평구,아파트,30년 이상,156
2015,서대문구,아파트,30년 이상,2168
2015,마포구,아파트,30년 이상,637
2015,양천구,아파트,30년 이상,2392
2015,강서구,아파트,30년 이상,854
2015,구로구,아파트,30년 이상,2261
2015,금천구,아파트,30년 이상,2659
2015,영등포구,아파트,30년 이상,13484
2015,동작구,아파트,30년 이상,709
2015,관악구,아파트,30년 이상,2788
2015,서초구,아파트,30년 이상,23096
2015,강남구,아파트,30년 이상,44619
2015,송파구,아파트,30년 이상,21490
2015,강동구,아파트,30년 이상,24153
2015,종로구,연립주택,30년 이상,652
2015,중구,연립주택,30년 이상,254
2015,용산구,연립주택,30년 이상,801
2015,성동구,연립주택,30년 이상,1054
2015,광진구,연립주택,30년 이상,1412
2015,동대문구,연립주택,30년 이상,2053
2015,중랑구,연립주택,30년 이상,1994
2015,성북구,연립주택,30년 이상,1624
2015,강북구,연립주택,30년 이상,944
2015,도봉구,연립주택,30년 이상,673
2015,노원구,연립주택,30년 이상,429
2015,은평구,연립주택,30년 이상,1218
2015,서대문구,연립주택,30년 이상,1372
2015,마포구,연립주택,30년 이상,1550
2015,양천구,연립주택,30년 이상,2157
2015,강서구,연립주택,30년 이상,1794
2015,구로구,연립주택,30년 이상,2401
2015,금천구,연립주택,30년 이상,1461
2015,영등포구,연립주택,30년 이상,638
2015,동작구,연립주택,30년 이상,944
2015,관악구,연립주택,30년 이상,1007
2015,서초구,연립주택,30년 이상,919
2015,강남구,연립주택,30년 이상,1269
2015,송파구,연립주택,30년 이상,239
2015,강동구,연립주택,30년 이상,589
2015,종로구,다세대주택,30년 이상,409
2015,중구,다세대주택,30년 이상,112
2015,용산구,다세대주택,30년 이상,1360
2015,성동구,다세대주택,30년 이상,173
2015,광진구,다세대주택,30년 이상,91
2015,동대문구,다세대주택,30년 이상,968
2015,중랑구,다세대주택,30년 이상,341
2015,성북구,다세대주택,30년 이상,316
2015,강북구,다세대주택,30년 이상,418
2015,도봉구,다세대주택,30년 이상,126
2015,노원구,다세대주택,30년 이상,351
2015,은평구,다세대주택,30년 이상,1319
2015,서대문구,다세대주택,30년 이상,1310
2015,마포구,다세대주택,30년 이상,2928
2015,양천구,다세대주택,30년 이상,133
2015,강서구,다세대주택,30년 이상,134
2015,구로구,다세대주택,30년 이상,1388
2015,금천구,다세대주택,30년 이상,778
2015,영등포구,다세대주택,30년 이상,451
2015,동작구,다세대주택,30년 이상,462
2015,관악구,다세대주택,30년 이상,1430
2015,서초구,다세대주택,30년 이상,248
2015,강남구,다세대주택,30년 이상,333
2015,송파구,다세대주택,30년 이상,257
2015,강동구,다세대주택,30년 이상,283
2016,종로구,단독주택,20년~30년미만,2546
2016,중구,단독주택,20년~30년미만,1696
2016,용산구,단독주택,20년~30년미만,4541
2016,성동구,단독주택,20년~30년미만,5428
2016,광진구,단독주택,20년~30년미만,8640
2016,동대문구,단독주택,20년~30년미만,7293
2016,중랑구,단독주택,20년~30년미만,11433
2016,성북구,단독주택,20년~30년미만,8221
2016,강북구,단독주택,20년~30년미만,7809
2016,도봉구,단독주택,20년~30년미만,4380
2016,노원구,단독주택,20년~30년미만,2587
2016,은평구,단독주택,20년~30년미만,7688
2016,서대문구,단독주택,20년~30년미만,5058
2016,마포구,단독주택,20년~30년미만,5559
2016,양천구,단독주택,20년~30년미만,5215
2016,강서구,단독주택,20년~30년미만,5594
2016,구로구,단독주택,20년~30년미만,6397
2016,금천구,단독주택,20년~30년미만,4672
2016,영등포구,단독주택,20년~30년미만,8379
2016,동작구,단독주택,20년~30년미만,7013
2016,관악구,단독주택,20년~30년미만,9839
2016,서초구,단독주택,20년~30년미만,2630
2016,강남구,단독주택,20년~30년미만,3656
2016,송파구,단독주택,20년~30년미만,5846
2016,강동구,단독주택,20년~30년미만,6593
2016,종로구,아파트,20년~30년미만,2278
2016,중구,아파트,20년~30년미만,1047
2016,용산구,아파트,20년~30년미만,1847
2016,성동구,아파트,20년~30년미만,8396
2016,광진구,아파트,20년~30년미만,11530
2016,동대문구,아파트,20년~30년미만,5041
2016,중랑구,아파트,20년~30년미만,20883
2016,성북구,아파트,20년~30년미만,2494
2016,강북구,아파트,20년~30년미만,9670
2016,도봉구,아파트,20년~30년미만,39928
2016,노원구,아파트,20년~30년미만,101740
2016,은평구,아파트,20년~30년미만,5775
2016,서대문구,아파트,20년~30년미만,8843
2016,마포구,아파트,20년~30년미만,6007
2016,양천구,아파트,20년~30년미만,26190
2016,강서구,아파트,20년~30년미만,45762
2016,구로구,아파트,20년~30년미만,15225
2016,금천구,아파트,20년~30년미만,4632
2016,영등포구,아파트,20년~30년미만,9845
2016,동작구,아파트,20년~30년미만,18550
2016,관악구,아파트,20년~30년미만,9892
2016,서초구,아파트,20년~30년미만,14581
2016,강남구,아파트,20년~30년미만,27524
2016,송파구,아파트,20년~30년미만,23986
2016,강동구,아파트,20년~30년미만,6419
2016,종로구,연립주택,20년~30년미만,2476
2016,중구,연립주택,20년~30년미만,767
2016,용산구,연립주택,20년~30년미만,1145
2016,성동구,연립주택,20년~30년미만,507
2016,광진구,연립주택,20년~30년미만,1365
2016,동대문구,연립주택,20년~30년미만,560
2016,중랑구,연립주택,20년~30년미만,1694
2016,성북구,연립주택,20년~30년미만,2906
2016,강북구,연립주택,20년~30년미만,1802
2016,도봉구,연립주택,20년~30년미만,1823
2016,노원구,연립주택,20년~30년미만,1560
2016,은평구,연립주택,20년~30년미만,3513
2016,서대문구,연립주택,20년~30년미만,2072
2016,마포구,연립주택,20년~30년미만,1415
2016,양천구,연립주택,20년~30년미만,1484
2016,강서구,연립주택,20년~30년미만,1662
2016,구로구,연립주택,20년~30년미만,3227
2016,금천구,연립주택,20년~30년미만,1617
2016,영등포구,연립주택,20년~30년미만,301
2016,동작구,연립주택,20년~30년미만,2305
2016,관악구,연립주택,20년~30년미만,3157
2016,서초구,연립주택,20년~30년미만,3132
2016,강남구,연립주택,20년~30년미만,2398
2016,송파구,연립주택,20년~30년미만,3706
2016,강동구,연립주택,20년~30년미만,2044
2016,종로구,다세대주택,20년~30년미만,2992
2016,중구,다세대주택,20년~30년미만,1231
2016,용산구,다세대주택,20년~30년미만,3662
2016,성동구,다세대주택,20년~30년미만,2936
2016,광진구,다세대주택,20년~30년미만,3861
2016,동대문구,다세대주택,20년~30년미만,2985
2016,중랑구,다세대주택,20년~30년미만,3122
2016,성북구,다세대주택,20년~30년미만,6753
2016,강북구,다세대주택,20년~30년미만,13394
2016,도봉구,다세대주택,20년~30년미만,8996
2016,노원구,다세대주택,20년~30년미만,4603
2016,은평구,다세대주택,20년~30년미만,18260
2016,서대문구,다세대주택,20년~30년미만,6903
2016,마포구,다세대주택,20년~30년미만,9228
2016,양천구,다세대주택,20년~30년미만,12795
2016,강서구,다세대주택,20년~30년미만,9247
2016,구로구,다세대주택,20년~30년미만,5780
2016,금천구,다세대주택,20년~30년미만,2329
2016,영등포구,다세대주택,20년~30년미만,1700
2016,동작구,다세대주택,20년~30년미만,7512
2016,관악구,다세대주택,20년~30년미만,13033
2016,서초구,다세대주택,20년~30년미만,5281
2016,강남구,다세대주택,20년~30년미만,4246
2016,송파구,다세대주택,20년~30년미만,10941
2016,강동구,다세대주택,20년~30년미만,3331
2016,종로구,단독주택,30년 이상,8706
2016,중구,단독주택,30년 이상,3973
2016,용산구,단독주택,30년 이상,9106
2016,성동구,단독주택,30년 이상,4903
2016,광진구,단독주택,30년 이상,4783
2016,동대문구,단독주택,30년 이상,11110
2016,중랑구,단독주택,30년 이상,6683
2016,성북구,단독주택,30년 이상,15250
2016,강북구,단독주택,30년 이상,9256
2016,도봉구,단독주택,30년 이상,3748
2016,노원구,단독주택,30년 이상,4216
2016,은평구,단독주택,30년 이상,8082
2016,서대문구,단독주택,30년 이상,8400
2016,마포구,단독주택,30년 이상,6042
2016,양천구,단독주택,30년 이상,2912
2016,강서구,단독주택,30년 이상,3695
2016,구로구,단독주택,30년 이상,5051
2016,금천구,단독주택,30년 이상,4211
2016,영등포구,단독주택,30년 이상,7162
2016,동작구,단독주택,30년 이상,7158
2016,관악구,단독주택,30년 이상,8317
2016,서초구,단독주택,30년 이상,2694
2016,강남구,단독주택,30년 이상,1409
2016,송파구,단독주택,30년 이상,2791
2016,강동구,단독주택,30년 이상,3026
2016,종로구,아파트,30년 이상,1216
2016,중구,아파트,30년 이상,1797
2016,용산구,아파트,30년 이상,8733
2016,성동구,아파트,30년 이상,4082
2016,광진구,아파트,30년 이상,1851
2016,동대문구,아파트,30년 이상,2347
2016,중랑구,아파트,30년 이상,401
2016,성북구,아파트,30년 이상,1559
2016,강북구,아파트,30년 이상,30
2016,도봉구,아파트,30년 이상,1658
2016,노원구,아파트,30년 이상,6717
2016,은평구,아파트,30년 이상,157
2016,서대문구,아파트,30년 이상,1889
2016,마포구,아파트,30년 이상,4347
2016,양천구,아파트,30년 이상,11959
2016,강서구,아파트,30년 이상,802
2016,구로구,아파트,30년 이상,3931
2016,금천구,아파트,30년 이상,2892
2016,영등포구,아파트,30년 이상,16446
2016,동작구,아파트,30년 이상,309
2016,관악구,아파트,30년 이상,2788
2016,서초구,아파트,30년 이상,23133
2016,강남구,아파트,30년 이상,43542
2016,송파구,아파트,30년 이상,23800
2016,강동구,아파트,30년 이상,19031
2016,종로구,연립주택,30년 이상,940
2016,중구,연립주택,30년 이상,260
2016,용산구,연립주택,30년 이상,810
2016,성동구,연립주택,30년 이상,1155
2016,광진구,연립주택,30년 이상,1527
2016,동대문구,연립주택,30년 이상,1738
2016,중랑구,연립주택,30년 이상,2328
2016,성북구,연립주택,30년 이상,1479
2016,강북구,연립주택,30년 이상,1193
2016,도봉구,연립주택,30년 이상,1040
2016,노원구,연립주택,30년 이상,526
2016,은평구,연립주택,30년 이상,1340
2016,서대문구,연립주택,30년 이상,1486
2016,마포구,연립주택,30년 이상,1421
2016,양천구,연립주택,30년 이상,2216
2016,강서구,연립주택,30년 이상,2127
2016,구로구,연립주택,30년 이상,2777
2016,금천구,연립주택,30년 이상,1551
2016,영등포구,연립주택,30년 이상,733
2016,동작구,연립주택,30년 이상,1129
2016,관악구,연립주택,30년 이상,1230
2016,서초구,연립주택,30년 이상,1107
2016,강남구,연립주택,30년 이상,1217
2016,송파구,연립주택,30년 이상,216
2016,강동구,연립주택,30년 이상,877
2016,종로구,다세대주택,30년 이상,537
2016,중구,다세대주택,30년 이상,288
2016,용산구,다세대주택,30년 이상,2102
2016,성동구,다세대주택,30년 이상,539
2016,광진구,다세대주택,30년 이상,684
2016,동대문구,다세대주택,30년 이상,1297
2016,중랑구,다세대주택,30년 이상,1028
2016,성북구,다세대주택,30년 이상,759
2016,강북구,다세대주택,30년 이상,983
2016,도봉구,다세대주택,30년 이상,670
2016,노원구,다세대주택,30년 이상,622
2016,은평구,다세대주택,30년 이상,4077
2016,서대문구,다세대주택,30년 이상,2662
2016,마포구,다세대주택,30년 이상,3952
2016,양천구,다세대주택,30년 이상,1828
2016,강서구,다세대주택,30년 이상,1391
2016,구로구,다세대주택,30년 이상,1735
2016,금천구,다세대주택,30년 이상,943
2016,영등포구,다세대주택,30년 이상,674
2016,동작구,다세대주택,30년 이상,1654
2016,관악구,다세대주택,30년 이상,2335
2016,서초구,다세대주택,30년 이상,1140
2016,강남구,다세대주택,30년 이상,1383
2016,송파구,다세대주택,30년 이상,1462
2016,강동구,다세대주택,30년 이상,2044
2017,종로구,단독주택,20년~30년미만,2674
2017,중구,단독주택,20년~30년미만,1737
2017,용산구,단독주택,20년~30년미만,4669
2017,성동구,단독주택,20년~30년미만,5401
2017,광진구,단독주택,20년~30년미만,8846
2017,동대문구,단독주택,20년~30년미만,7417
2017,중랑구,단독주택,20년~30년미만,11153
2017,성북구,단독주택,20년~30년미만,8460
2017,강북구,단독주택,20년~30년미만,7925
2017,도봉구,단독주택,20년~30년미만,4489
2017,노원구,단독주택,20년~30년미만,2410
2017,은평구,단독주택,20년~30년미만,7360
2017,서대문구,단독주택,20년~30년미만,4997
2017,마포구,단독주택,20년~30년미만,5513
2017,양천구,단독주택,20년~30년미만,4918
2017,강서구,단독주택,20년~30년미만,5573
2017,구로구,단독주택,20년~30년미만,6293
2017,금천구,단독주택,20년~30년미만,4484
2017,영등포구,단독주택,20년~30년미만,7792
2017,동작구,단독주택,20년~30년미만,6956
2017,관악구,단독주택,20년~30년미만,9900
2017,서초구,단독주택,20년~30년미만,2745
2017,강남구,단독주택,20년~30년미만,3809
2017,송파구,단독주택,20년~30년미만,5661
2017,강동구,단독주택,20년~30년미만,6298
2017,종로구,아파트,20년~30년미만,2971
2017,중구,아파트,20년~30년미만,1047
2017,용산구,아파트,20년~30년미만,2251
2017,성동구,아파트,20년~30년미만,10368
2017,광진구,아파트,20년~30년미만,13490
2017,동대문구,아파트,20년~30년미만,5071
2017,중랑구,아파트,20년~30년미만,24451
2017,성북구,아파트,20년~30년미만,2608
2017,강북구,아파트,20년~30년미만,9859
2017,도봉구,아파트,20년~30년미만,41219
2017,노원구,아파트,20년~30년미만,103281
2017,은평구,아파트,20년~30년미만,6851
2017,서대문구,아파트,20년~30년미만,9781
2017,마포구,아파트,20년~30년미만,8683
2017,양천구,아파트,20년~30년미만,20270
2017,강서구,아파트,20년~30년미만,46692
2017,구로구,아파트,20년~30년미만,15179
2017,금천구,아파트,20년~30년미만,4947
2017,영등포구,아파트,20년~30년미만,13563
2017,동작구,아파트,20년~30년미만,20536
2017,관악구,아파트,20년~30년미만,10298
2017,서초구,아파트,20년~30년미만,13484
2017,강남구,아파트,20년~30년미만,27901
2017,송파구,아파트,20년~30년미만,29358
2017,강동구,아파트,20년~30년미만,7291
2017,종로구,연립주택,20년~30년미만,2755
2017,중구,연립주택,20년~30년미만,878
2017,용산구,연립주택,20년~30년미만,1395
2017,성동구,연립주택,20년~30년미만,435
2017,광진구,연립주택,20년~30년미만,1646
2017,동대문구,연립주택,20년~30년미만,581
2017,중랑구,연립주택,20년~30년미만,1823
2017,성북구,연립주택,20년~30년미만,3250
2017,강북구,연립주택,20년~30년미만,1834
2017,도봉구,연립주택,20년~30년미만,1979
2017,노원구,연립주택,20년~30년미만,1809
2017,은평구,연립주택,20년~30년미만,3593
2017,서대문구,연립주택,20년~30년미만,2080
2017,마포구,연립주택,20년~30년미만,1410
2017,양천구,연립주택,20년~30년미만,1489
2017,강서구,연립주택,20년~30년미만,1684
2017,구로구,연립주택,20년~30년미만,3293
2017,금천구,연립주택,20년~30년미만,1549
2017,영등포구,연립주택,20년~30년미만,316
2017,동작구,연립주택,20년~30년미만,2699
2017,관악구,연립주택,20년~30년미만,3659
2017,서초구,연립주택,20년~30년미만,3381
2017,강남구,연립주택,20년~30년미만,2568
2017,송파구,연립주택,20년~30년미만,3791
2017,강동구,연립주택,20년~30년미만,2125
2017,종로구,다세대주택,20년~30년미만,3734
2017,중구,다세대주택,20년~30년미만,1269
2017,용산구,다세대주택,20년~30년미만,3749
2017,성동구,다세대주택,20년~30년미만,3075
2017,광진구,다세대주택,20년~30년미만,4047
2017,동대문구,다세대주택,20년~30년미만,3005
2017,중랑구,다세대주택,20년~30년미만,3054
2017,성북구,다세대주택,20년~30년미만,6921
2017,강북구,다세대주택,20년~30년미만,13039
2017,도봉구,다세대주택,20년~30년미만,8873
2017,노원구,다세대주택,20년~30년미만,4592
2017,은평구,다세대주택,20년~30년미만,17015
2017,서대문구,다세대주택,20년~30년미만,6768
2017,마포구,다세대주택,20년~30년미만,9065
2017,양천구,다세대주택,20년~30년미만,11671
2017,강서구,다세대주택,20년~30년미만,9593
2017,구로구,다세대주택,20년~30년미만,6082
2017,금천구,다세대주택,20년~30년미만,2295
2017,영등포구,다세대주택,20년~30년미만,1642
2017,동작구,다세대주택,20년~30년미만,7052
2017,관악구,다세대주택,20년~30년미만,12960
2017,서초구,다세대주택,20년~30년미만,5130
2017,강남구,다세대주택,20년~30년미만,4119
2017,송파구,다세대주택,20년~30년미만,10423
2017,강동구,다세대주택,20년~30년미만,2934
2017,종로구,단독주택,30년 이상,8656
2017,중구,단독주택,30년 이상,3960
2017,용산구,단독주택,30년 이상,9074
2017,성동구,단독주택,30년 이상,4984
2017,광진구,단독주택,30년 이상,4873
2017,동대문구,단독주택,30년 이상,10899
2017,중랑구,단독주택,30년 이상,6381
2017,성북구,단독주택,30년 이상,14857
2017,강북구,단독주택,30년 이상,8867
2017,도봉구,단독주택,30년 이상,3636
2017,노원구,단독주택,30년 이상,3550
2017,은평구,단독주택,30년 이상,7500
2017,서대문구,단독주택,30년 이상,7688
2017,마포구,단독주택,30년 이상,5373
2017,양천구,단독주택,30년 이상,2653
2017,강서구,단독주택,30년 이상,3705
2017,구로구,단독주택,30년 이상,5060
2017,금천구,단독주택,30년 이상,4289
2017,영등포구,단독주택,30년 이상,6320
2017,동작구,단독주택,30년 이상,6783
2017,관악구,단독주택,30년 이상,7974
2017,서초구,단독주택,30년 이상,2684
2017,강남구,단독주택,30년 이상,1569
2017,송파구,단독주택,30년 이상,2837
2017,강동구,단독주택,30년 이상,3370
2017,종로구,아파트,30년 이상,1416
2017,중구,아파트,30년 이상,1861
2017,용산구,아파트,30년 이상,8690
2017,성동구,아파트,30년 이상,4081
2017,광진구,아파트,30년 이상,2051
2017,동대문구,아파트,30년 이상,2813
2017,중랑구,아파트,30년 이상,401
2017,성북구,아파트,30년 이상,1508
2017,강북구,아파트,30년 이상,30
2017,도봉구,아파트,30년 이상,3928
2017,노원구,아파트,30년 이상,7918
2017,은평구,아파트,30년 이상,222
2017,서대문구,아파트,30년 이상,3295
2017,마포구,아파트,30년 이상,4346
2017,양천구,아파트,30년 이상,21103
2017,강서구,아파트,30년 이상,1082
2017,구로구,아파트,30년 이상,5102
2017,금천구,아파트,30년 이상,2891
2017,영등포구,아파트,30년 이상,16607
2017,동작구,아파트,30년 이상,605
2017,관악구,아파트,30년 이상,2788
2017,서초구,아파트,30년 이상,21954
2017,강남구,아파트,30년 이상,39958
2017,송파구,아파트,30년 이상,23687
2017,강동구,아파트,30년 이상,18202
2017,종로구,연립주택,30년 이상,957
2017,중구,연립주택,30년 이상,257
2017,용산구,연립주택,30년 이상,785
2017,성동구,연립주택,30년 이상,1301
2017,광진구,연립주택,30년 이상,1569
2017,동대문구,연립주택,30년 이상,1620
2017,중랑구,연립주택,30년 이상,2182
2017,성북구,연립주택,30년 이상,1573
2017,강북구,연립주택,30년 이상,1382
2017,도봉구,연립주택,30년 이상,995
2017,노원구,연립주택,30년 이상,535
2017,은평구,연립주택,30년 이상,1468
2017,서대문구,연립주택,30년 이상,1694
2017,마포구,연립주택,30년 이상,1464
2017,양천구,연립주택,30년 이상,1960
2017,강서구,연립주택,30년 이상,2260
2017,구로구,연립주택,30년 이상,2933
2017,금천구,연립주택,30년 이상,1710
2017,영등포구,연립주택,30년 이상,733
2017,동작구,연립주택,30년 이상,1099
2017,관악구,연립주택,30년 이상,1292
2017,서초구,연립주택,30년 이상,1223
2017,강남구,연립주택,30년 이상,1293
2017,송파구,연립주택,30년 이상,216
2017,강동구,연립주택,30년 이상,938
2017,종로구,다세대주택,30년 이상,547
2017,중구,다세대주택,30년 이상,353
2017,용산구,다세대주택,30년 이상,2129
2017,성동구,다세대주택,30년 이상,538
2017,광진구,다세대주택,30년 이상,726
2017,동대문구,다세대주택,30년 이상,1290
2017,중랑구,다세대주택,30년 이상,1123
2017,성북구,다세대주택,30년 이상,848
2017,강북구,다세대주택,30년 이상,1415
2017,도봉구,다세대주택,30년 이상,1017
2017,노원구,다세대주택,30년 이상,667
2017,은평구,다세대주택,30년 이상,4445
2017,서대문구,다세대주택,30년 이상,2744
2017,마포구,다세대주택,30년 이상,3527
2017,양천구,다세대주택,30년 이상,2692
2017,강서구,다세대주택,30년 이상,1610
2017,구로구,다세대주택,30년 이상,1687
2017,금천구,다세대주택,30년 이상,917
2017,영등포구,다세대주택,30년 이상,744
2017,동작구,다세대주택,30년 이상,1927
2017,관악구,다세대주택,30년 이상,2549
2017,서초구,다세대주택,30년 이상,1349
2017,강남구,다세대주택,30년 이상,1779
2017,송파구,다세대주택,30년 이상,1930
2017,강동구,다세대주택,30년 이상,2344
2018,종로구,단독주택,20년~30년미만,2652
2018,중구,단독주택,20년~30년미만,1669
2018,용산구,단독주택,20년~30년미만,4511
2018,성동구,단독주택,20년~30년미만,5071
2018,광진구,단독주택,20년~30년미만,8201
2018,동대문구,단독주택,20년~30년미만,7236
2018,중랑구,단독주택,20년~30년미만,10547
2018,성북구,단독주택,20년~30년미만,8165
2018,강북구,단독주택,20년~30년미만,7778
2018,도봉구,단독주택,20년~30년미만,4416
2018,노원구,단독주택,20년~30년미만,2319
2018,은평구,단독주택,20년~30년미만,6976
2018,서대문구,단독주택,20년~30년미만,4819
2018,마포구,단독주택,20년~30년미만,5385
2018,양천구,단독주택,20년~30년미만,4496
2018,강서구,단독주택,20년~30년미만,5285
2018,구로구,단독주택,20년~30년미만,5853
2018,금천구,단독주택,20년~30년미만,3867
2018,영등포구,단독주택,20년~30년미만,6951
2018,동작구,단독주택,20년~30년미만,6299
2018,관악구,단독주택,20년~30년미만,9361
2018,서초구,단독주택,20년~30년미만,2557
2018,강남구,단독주택,20년~30년미만,3566
2018,송파구,단독주택,20년~30년미만,4693
2018,강동구,단독주택,20년~30년미만,5087
2018,종로구,아파트,20년~30년미만,3387
2018,중구,아파트,20년~30년미만,1047
2018,용산구,아파트,20년~30년미만,5343
2018,성동구,아파트,20년~30년미만,12667
2018,광진구,아파트,20년~30년미만,13968
2018,동대문구,아파트,20년~30년미만,7724
2018,중랑구,아파트,20년~30년미만,25925
2018,성북구,아파트,20년~30년미만,11290
2018,강북구,아파트,20년~30년미만,10654
2018,도봉구,아파트,20년~30년미만,39270
2018,노원구,아파트,20년~30년미만,73768
2018,은평구,아파트,20년~30년미만,5407
2018,서대문구,아파트,20년~30년미만,9809
2018,마포구,아파트,20년~30년미만,9677
2018,양천구,아파트,20년~30년미만,13563
2018,강서구,아파트,20년~30년미만,48589
2018,구로구,아파트,20년~30년미만,15817
2018,금천구,아파트,20년~30년미만,7401
2018,영등포구,아파트,20년~30년미만,15553
2018,동작구,아파트,20년~30년미만,19038
2018,관악구,아파트,20년~30년미만,10989
2018,서초구,아파트,20년~30년미만,11458
2018,강남구,아파트,20년~30년미만,26804
2018,송파구,아파트,20년~30년미만,25955
2018,강동구,아파트,20년~30년미만,8151
2018,종로구,연립주택,20년~30년미만,2776
2018,중구,연립주택,20년~30년미만,993
2018,용산구,연립주택,20년~30년미만,1605
2018,성동구,연립주택,20년~30년미만,494
2018,광진구,연립주택,20년~30년미만,1877
2018,동대문구,연립주택,20년~30년미만,589
2018,중랑구,연립주택,20년~30년미만,1805
2018,성북구,연립주택,20년~30년미만,3506
2018,강북구,연립주택,20년~30년미만,2063
2018,도봉구,연립주택,20년~30년미만,2238
2018,노원구,연립주택,20년~30년미만,2004
2018,은평구,연립주택,20년~30년미만,3857
2018,서대문구,연립주택,20년~30년미만,2260
2018,마포구,연립주택,20년~30년미만,1458
2018,양천구,연립주택,20년~30년미만,1606
2018,강서구,연립주택,20년~30년미만,2050
2018,구로구,연립주택,20년~30년미만,2987
2018,금천구,연립주택,20년~30년미만,1653
2018,영등포구,연립주택,20년~30년미만,294
2018,동작구,연립주택,20년~30년미만,2948
2018,관악구,연립주택,20년~30년미만,4050
2018,서초구,연립주택,20년~30년미만,3413
2018,강남구,연립주택,20년~30년미만,2627
2018,송파구,연립주택,20년~30년미만,3637
2018,강동구,연립주택,20년~30년미만,1932
2018,종로구,다세대주택,20년~30년미만,4277
2018,중구,다세대주택,20년~30년미만,1394
2018,용산구,다세대주택,20년~30년미만,3999
2018,성동구,다세대주택,20년~30년미만,3198
2018,광진구,다세대주택,20년~30년미만,4065
2018,동대문구,다세대주택,20년~30년미만,3025
2018,중랑구,다세대주택,20년~30년미만,3062
2018,성북구,다세대주택,20년~30년미만,6543
2018,강북구,다세대주택,20년~30년미만,12554
2018,도봉구,다세대주택,20년~30년미만,8807
2018,노원구,다세대주택,20년~30년미만,4756
2018,은평구,다세대주택,20년~30년미만,16455
2018,서대문구,다세대주택,20년~30년미만,6578
2018,마포구,다세대주택,20년~30년미만,8614
2018,양천구,다세대주택,20년~30년미만,9438
2018,강서구,다세대주택,20년~30년미만,9763
2018,구로구,다세대주택,20년~30년미만,6288
2018,금천구,다세대주택,20년~30년미만,2339
2018,영등포구,다세대주택,20년~30년미만,1798
2018,동작구,다세대주택,20년~30년미만,6627
2018,관악구,다세대주택,20년~30년미만,12753
2018,서초구,다세대주택,20년~30년미만,4902
2018,강남구,다세대주택,20년~30년미만,3965
2018,송파구,다세대주택,20년~30년미만,9403
2018,강동구,다세대주택,20년~30년미만,2803
2018,종로구,단독주택,30년 이상,8580
2018,중구,단독주택,30년 이상,4002
2018,용산구,단독주택,30년 이상,9235
2018,성동구,단독주택,30년 이상,5321
2018,광진구,단독주택,30년 이상,5431
2018,동대문구,단독주택,30년 이상,10744
2018,중랑구,단독주택,30년 이상,6546
2018,성북구,단독주택,30년 이상,14051
2018,강북구,단독주택,30년 이상,8919
2018,도봉구,단독주택,30년 이상,3683
2018,노원구,단독주택,30년 이상,3422
2018,은평구,단독주택,30년 이상,7482
2018,서대문구,단독주택,30년 이상,7415
2018,마포구,단독주택,30년 이상,5291
2018,양천구,단독주택,30년 이상,2796
2018,강서구,단독주택,30년 이상,3965
2018,구로구,단독주택,30년 이상,5365
2018,금천구,단독주택,30년 이상,4739
2018,영등포구,단독주택,30년 이상,6497
2018,동작구,단독주택,30년 이상,6635
2018,관악구,단독주택,30년 이상,7871
2018,서초구,단독주택,30년 이상,2862
2018,강남구,단독주택,30년 이상,1893
2018,송파구,단독주택,30년 이상,3120
2018,강동구,단독주택,30년 이상,4461
2018,종로구,아파트,30년 이상,1416
2018,중구,아파트,30년 이상,1863
2018,용산구,아파트,30년 이상,8666
2018,성동구,아파트,30년 이상,4043
2018,광진구,아파트,30년 이상,2872
2018,동대문구,아파트,30년 이상,2813
2018,중랑구,아파트,30년 이상,711
2018,성북구,아파트,30년 이상,1509
2018,강북구,아파트,30년 이상,30
2018,도봉구,아파트,30년 이상,7102
2018,노원구,아파트,30년 이상,44316
2018,은평구,아파트,30년 이상,2673
2018,서대문구,아파트,30년 이상,3950
2018,마포구,아파트,30년 이상,4826
2018,양천구,아파트,30년 이상,30610
2018,강서구,아파트,30년 이상,1402
2018,구로구,아파트,30년 이상,7772
2018,금천구,아파트,30년 이상,2891
2018,영등포구,아파트,30년 이상,17115
2018,동작구,아파트,30년 이상,3615
2018,관악구,아파트,30년 이상,3376
2018,서초구,아파트,30년 이상,24525
2018,강남구,아파트,30년 이상,39251
2018,송파구,아파트,30년 이상,29690
2018,강동구,아파트,30년 이상,18261
2018,종로구,연립주택,30년 이상,1276
2018,중구,연립주택,30년 이상,268
2018,용산구,연립주택,30년 이상,798
2018,성동구,연립주택,30년 이상,1275
2018,광진구,연립주택,30년 이상,1488
2018,동대문구,연립주택,30년 이상,1508
2018,중랑구,연립주택,30년 이상,2145
2018,성북구,연립주택,30년 이상,1542
2018,강북구,연립주택,30년 이상,1604
2018,도봉구,연립주택,30년 이상,1067
2018,노원구,연립주택,30년 이상,453
2018,은평구,연립주택,30년 이상,1384
2018,서대문구,연립주택,30년 이상,1658
2018,마포구,연립주택,30년 이상,1269
2018,양천구,연립주택,30년 이상,1981
2018,강서구,연립주택,30년 이상,2057
2018,구로구,연립주택,30년 이상,3468
2018,금천구,연립주택,30년 이상,1659
2018,영등포구,연립주택,30년 이상,829
2018,동작구,연립주택,30년 이상,1080
2018,관악구,연립주택,30년 이상,1314
2018,서초구,연립주택,30년 이상,1404
2018,강남구,연립주택,30년 이상,1432
2018,송파구,연립주택,30년 이상,420
2018,강동구,연립주택,30년 이상,1198
2018,종로구,다세대주택,30년 이상,673
2018,중구,다세대주택,30년 이상,481
2018,용산구,다세대주택,30년 이상,2317
2018,성동구,다세대주택,30년 이상,596
2018,광진구,다세대주택,30년 이상,802
2018,동대문구,다세대주택,30년 이상,1314
2018,중랑구,다세대주택,30년 이상,1089
2018,성북구,다세대주택,30년 이상,925
2018,강북구,다세대주택,30년 이상,2273
2018,도봉구,다세대주택,30년 이상,1216
2018,노원구,다세대주택,30년 이상,699
2018,은평구,다세대주택,30년 이상,4583
2018,서대문구,다세대주택,30년 이상,2885
2018,마포구,다세대주택,30년 이상,4118
2018,양천구,다세대주택,30년 이상,4985
2018,강서구,다세대주택,30년 이상,1720
2018,구로구,다세대주택,30년 이상,1726
2018,금천구,다세대주택,30년 이상,887
2018,영등포구,다세대주택,30년 이상,821
2018,동작구,다세대주택,30년 이상,2136
2018,관악구,다세대주택,30년 이상,2814
2018,서초구,다세대주택,30년 이상,1657
2018,강남구,다세대주택,30년 이상,2058
2018,송파구,다세대주택,30년 이상,2546
2018,강동구,다세대주택,30년 이상,2464
2019,종로구,단독주택,20년~30년미만,2555
2019,중구,단독주택,20년~30년미만,1571
2019,용산구,단독주택,20년~30년미만,4159
2019,성동구,단독주택,20년~30년미만,4592
2019,광진구,단독주택,20년~30년미만,7285
2019,동대문구,단독주택,20년~30년미만,6777
2019,중랑구,단독주택,20년~30년미만,9512
2019,성북구,단독주택,20년~30년미만,7591
2019,강북구,단독주택,20년~30년미만,7324
2019,도봉구,단독주택,20년~30년미만,4139
2019,노원구,단독주택,20년~30년미만,2191
2019,은평구,단독주택,20년~30년미만,6048
2019,서대문구,단독주택,20년~30년미만,4399
2019,마포구,단독주택,20년~30년미만,5075
2019,양천구,단독주택,20년~30년미만,4013
2019,강서구,단독주택,20년~30년미만,4597
2019,구로구,단독주택,20년~30년미만,5125
2019,금천구,단독주택,20년~30년미만,3191
2019,영등포구,단독주택,20년~30년미만,6255
2019,동작구,단독주택,20년~30년미만,5367
2019,관악구,단독주택,20년~30년미만,8423
2019,서초구,단독주택,20년~30년미만,2289
2019,강남구,단독주택,20년~30년미만,3305
2019,송파구,단독주택,20년~30년미만,3837
2019,강동구,단독주택,20년~30년미만,4123
2019,종로구,아파트,20년~30년미만,3596
2019,중구,아파트,20년~30년미만,3344
2019,용산구,아파트,20년~30년미만,5868
2019,성동구,아파트,20년~30년미만,13991
2019,광진구,아파트,20년~30년미만,14111
2019,동대문구,아파트,20년~30년미만,6944
2019,중랑구,아파트,20년~30년미만,26748
2019,성북구,아파트,20년~30년미만,18017
2019,강북구,아파트,20년~30년미만,11262
2019,도봉구,아파트,20년~30년미만,31575
2019,노원구,아파트,20년~30년미만,69708
2019,은평구,아파트,20년~30년미만,5603
2019,서대문구,아파트,20년~30년미만,15313
2019,마포구,아파트,20년~30년미만,11746
2019,양천구,아파트,20년~30년미만,15472
2019,강서구,아파트,20년~30년미만,53521
2019,구로구,아파트,20년~30년미만,21344
2019,금천구,아파트,20년~30년미만,7859
2019,영등포구,아파트,20년~30년미만,17408
2019,동작구,아파트,20년~30년미만,20040
2019,관악구,아파트,20년~30년미만,12307
2019,서초구,아파트,20년~30년미만,10763
2019,강남구,아파트,20년~30년미만,30111
2019,송파구,아파트,20년~30년미만,18569
2019,강동구,아파트,20년~30년미만,10557
2019,종로구,연립주택,20년~30년미만,2357
2019,중구,연립주택,20년~30년미만,1028
2019,용산구,연립주택,20년~30년미만,1675
2019,성동구,연립주택,20년~30년미만,456
2019,광진구,연립주택,20년~30년미만,1865
2019,동대문구,연립주택,20년~30년미만,628
2019,중랑구,연립주택,20년~30년미만,1773
2019,성북구,연립주택,20년~30년미만,3510
2019,강북구,연립주택,20년~30년미만,1849
2019,도봉구,연립주택,20년~30년미만,1933
2019,노원구,연립주택,20년~30년미만,1817
2019,은평구,연립주택,20년~30년미만,3594
2019,서대문구,연립주택,20년~30년미만,2363
2019,마포구,연립주택,20년~30년미만,1454
2019,양천구,연립주택,20년~30년미만,1591
2019,강서구,연립주택,20년~30년미만,1842
2019,구로구,연립주택,20년~30년미만,1791
2019,금천구,연립주택,20년~30년미만,1123
2019,영등포구,연립주택,20년~30년미만,282
2019,동작구,연립주택,20년~30년미만,2932
2019,관악구,연립주택,20년~30년미만,4133
2019,서초구,연립주택,20년~30년미만,3274
2019,강남구,연립주택,20년~30년미만,2490
2019,송파구,연립주택,20년~30년미만,3319
2019,강동구,연립주택,20년~30년미만,1882
2019,종로구,다세대주택,20년~30년미만,4653
2019,중구,다세대주택,20년~30년미만,1651
2019,용산구,다세대주택,20년~30년미만,4051
2019,성동구,다세대주택,20년~30년미만,3383
2019,광진구,다세대주택,20년~30년미만,3906
2019,동대문구,다세대주택,20년~30년미만,2582
2019,중랑구,다세대주택,20년~30년미만,3025
2019,성북구,다세대주택,20년~30년미만,6263
2019,강북구,다세대주택,20년~30년미만,11522
2019,도봉구,다세대주택,20년~30년미만,8676
2019,노원구,다세대주택,20년~30년미만,4596
2019,은평구,다세대주택,20년~30년미만,15480
2019,서대문구,다세대주택,20년~30년미만,6408
2019,마포구,다세대주택,20년~30년미만,7900
2019,양천구,다세대주택,20년~30년미만,7866
2019,강서구,다세대주택,20년~30년미만,9592
2019,구로구,다세대주택,20년~30년미만,6204
2019,금천구,다세대주택,20년~30년미만,2292
2019,영등포구,다세대주택,20년~30년미만,1871
2019,동작구,다세대주택,20년~30년미만,6460
2019,관악구,다세대주택,20년~30년미만,12384
2019,서초구,다세대주택,20년~30년미만,4534
2019,강남구,다세대주택,20년~30년미만,3530
2019,송파구,다세대주택,20년~30년미만,8872
2019,강동구,다세대주택,20년~30년미만,2782
2019,종로구,단독주택,30년 이상,8451
2019,중구,단독주택,30년 이상,3953
2019,용산구,단독주택,30년 이상,9339
2019,성동구,단독주택,30년 이상,5650
2019,광진구,단독주택,30년 이상,6137
2019,동대문구,단독주택,30년 이상,10728
2019,중랑구,단독주택,30년 이상,7193
2019,성북구,단독주택,30년 이상,13554
2019,강북구,단독주택,30년 이상,9219
2019,도봉구,단독주택,30년 이상,3910
2019,노원구,단독주택,30년 이상,3440
2019,은평구,단독주택,30년 이상,7520
2019,서대문구,단독주택,30년 이상,7427
2019,마포구,단독주택,30년 이상,5276
2019,양천구,단독주택,30년 이상,3109
2019,강서구,단독주택,30년 이상,4400
2019,구로구,단독주택,30년 이상,5940
2019,금천구,단독주택,30년 이상,5195
2019,영등포구,단독주택,30년 이상,6935
2019,동작구,단독주택,30년 이상,7263
2019,관악구,단독주택,30년 이상,8594
2019,서초구,단독주택,30년 이상,3048
2019,강남구,단독주택,30년 이상,2071
2019,송파구,단독주택,30년 이상,3784
2019,강동구,단독주택,30년 이상,5144
2019,종로구,아파트,30년 이상,1213
2019,중구,아파트,30년 이상,1860
2019,용산구,아파트,30년 이상,8421
2019,성동구,아파트,30년 이상,5203
2019,광진구,아파트,30년 이상,4956
2019,동대문구,아파트,30년 이상,4052
2019,중랑구,아파트,30년 이상,2301
2019,성북구,아파트,30년 이상,1761
2019,강북구,아파트,30년 이상,30
2019,도봉구,아파트,30년 이상,15849
2019,노원구,아파트,30년 이상,58908
2019,은평구,아파트,30년 이상,2800
2019,서대문구,아파트,30년 이상,4030
2019,마포구,아파트,30년 이상,5099
2019,양천구,아파트,30년 이상,30720
2019,강서구,아파트,30년 이상,1850
2019,구로구,아파트,30년 이상,10370
2019,금천구,아파트,30년 이상,3558
2019,영등포구,아파트,30년 이상,18032
2019,동작구,아파트,30년 이상,3615
2019,관악구,아파트,30년 이상,2508
2019,서초구,아파트,30년 이상,22292
2019,강남구,아파트,30년 이상,33974
2019,송파구,아파트,30년 이상,35214
2019,강동구,아파트,30년 이상,11719
2019,종로구,연립주택,30년 이상,1731
2019,중구,연립주택,30년 이상,325
2019,용산구,연립주택,30년 이상,795
2019,성동구,연립주택,30년 이상,1298
2019,광진구,연립주택,30년 이상,1468
2019,동대문구,연립주택,30년 이상,1498
2019,중랑구,연립주택,30년 이상,2088
2019,성북구,연립주택,30년 이상,1622
2019,강북구,연립주택,30년 이상,1761
2019,도봉구,연립주택,30년 이상,1385
2019,노원구,연립주택,30년 이상,664
2019,은평구,연립주택,30년 이상,1366
2019,서대문구,연립주택,30년 이상,1700
2019,마포구,연립주택,30년 이상,1226
2019,양천구,연립주택,30년 이상,1927
2019,강서구,연립주택,30년 이상,2102
2019,구로구,연립주택,30년 이상,4619
2019,금천구,연립주택,30년 이상,2199
2019,영등포구,연립주택,30년 이상,852
2019,동작구,연립주택,30년 이상,1126
2019,관악구,연립주택,30년 이상,1355
2019,서초구,연립주택,30년 이상,1516
2019,강남구,연립주택,30년 이상,1386
2019,송파구,연립주택,30년 이상,772
2019,강동구,연립주택,30년 이상,1027
2019,종로구,다세대주택,30년 이상,696
2019,중구,다세대주택,30년 이상,562
2019,용산구,다세대주택,30년 이상,2543
2019,성동구,다세대주택,30년 이상,667
2019,광진구,다세대주택,30년 이상,918
2019,동대문구,다세대주택,30년 이상,1229
2019,중랑구,다세대주택,30년 이상,1109
2019,성북구,다세대주택,30년 이상,1074
2019,강북구,다세대주택,30년 이상,3544
2019,도봉구,다세대주택,30년 이상,1364
2019,노원구,다세대주택,30년 이상,874
2019,은평구,다세대주택,30년 이상,4552
2019,서대문구,다세대주택,30년 이상,2985
2019,마포구,다세대주택,30년 이상,3627
2019,양천구,다세대주택,30년 이상,6487
2019,강서구,다세대주택,30년 이상,2100
2019,구로구,다세대주택,30년 이상,1886
2019,금천구,다세대주택,30년 이상,935
2019,영등포구,다세대주택,30년 이상,867
2019,동작구,다세대주택,30년 이상,2408
2019,관악구,다세대주택,30년 이상,3169
2019,서초구,다세대주택,30년 이상,2123
2019,강남구,다세대주택,30년 이상,2414
2019,송파구,다세대주택,30년 이상,2912
2019,강동구,다세대주택,30년 이상,2463
2020,종로구,단독주택,20년~30년미만,2412
2020,중구,단독주택,20년~30년미만,1464
2020,용산구,단독주택,20년~30년미만,3734
2020,성동구,단독주택,20년~30년미만,3958
2020,광진구,단독주택,20년~30년미만,6311
2020,동대문구,단독주택,20년~30년미만,5694
2020,중랑구,단독주택,20년~30년미만,8248
2020,성북구,단독주택,20년~30년미만,6958
2020,강북구,단독주택,20년~30년미만,6680
2020,도봉구,단독주택,20년~30년미만,3667
2020,노원구,단독주택,20년~30년미만,2007
2020,은평구,단독주택,20년~30년미만,4995
2020,서대문구,단독주택,20년~30년미만,3830
2020,마포구,단독주택,20년~30년미만,4627
2020,양천구,단독주택,20년~30년미만,3388
2020,강서구,단독주택,20년~30년미만,3919
2020,구로구,단독주택,20년~30년미만,4368
2020,금천구,단독주택,20년~30년미만,2636
2020,영등포구,단독주택,20년~30년미만,5312
2020,동작구,단독주택,20년~30년미만,4318
2020,관악구,단독주택,20년~30년미만,7365
2020,서초구,단독주택,20년~30년미만,1978
2020,강남구,단독주택,20년~30년미만,3217
2020,송파구,단독주택,20년~30년미만,3220
2020,강동구,단독주택,20년~30년미만,3351
2020,종로구,아파트,20년~30년미만,5188
2020,중구,아파트,20년~30년미만,5055
2020,용산구,아파트,20년~30년미만,8336
2020,성동구,아파트,20년~30년미만,14080
2020,광진구,아파트,20년~30년미만,13973
2020,동대문구,아파트,20년~30년미만,14799
2020,중랑구,아파트,20년~30년미만,27785
2020,성북구,아파트,20년~30년미만,20059
2020,강북구,아파트,20년~30년미만,11725
2020,도봉구,아파트,20년~30년미만,27163
2020,노원구,아파트,20년~30년미만,74847
2020,은평구,아파트,20년~30년미만,6446
2020,서대문구,아파트,20년~30년미만,18002
2020,마포구,아파트,20년~30년미만,18510
2020,양천구,아파트,20년~30년미만,23368
2020,강서구,아파트,20년~30년미만,54917
2020,구로구,아파트,20년~30년미만,27167
2020,금천구,아파트,20년~30년미만,10671
2020,영등포구,아파트,20년~30년미만,21231
2020,동작구,아파트,20년~30년미만,20323
2020,관악구,아파트,20년~30년미만,17076
2020,서초구,아파트,20년~30년미만,12035
2020,강남구,아파트,20년~30년미만,32048
2020,송파구,아파트,20년~30년미만,20472
2020,강동구,아파트,20년~30년미만,15336
2020,종로구,연립주택,20년~30년미만,2309
2020,중구,연립주택,20년~30년미만,1093
2020,용산구,연립주택,20년~30년미만,1773
2020,성동구,연립주택,20년~30년미만,415
2020,광진구,연립주택,20년~30년미만,1728
2020,동대문구,연립주택,20년~30년미만,574
2020,중랑구,연립주택,20년~30년미만,1623
2020,성북구,연립주택,20년~30년미만,3501
2020,강북구,연립주택,20년~30년미만,1876
2020,도봉구,연립주택,20년~30년미만,1870
2020,노원구,연립주택,20년~30년미만,1871
2020,은평구,연립주택,20년~30년미만,3535
2020,서대문구,연립주택,20년~30년미만,2414
2020,마포구,연립주택,20년~30년미만,1474
2020,양천구,연립주택,20년~30년미만,1615
2020,강서구,연립주택,20년~30년미만,1783
2020,구로구,연립주택,20년~30년미만,1701
2020,금천구,연립주택,20년~30년미만,1193
2020,영등포구,연립주택,20년~30년미만,278
2020,동작구,연립주택,20년~30년미만,2964
2020,관악구,연립주택,20년~30년미만,3912
2020,서초구,연립주택,20년~30년미만,3074
2020,강남구,연립주택,20년~30년미만,2431
2020,송파구,연립주택,20년~30년미만,2773
2020,강동구,연립주택,20년~30년미만,1814
2020,종로구,다세대주택,20년~30년미만,5322
2020,중구,다세대주택,20년~30년미만,2122
2020,용산구,다세대주택,20년~30년미만,4167
2020,성동구,다세대주택,20년~30년미만,3317
2020,광진구,다세대주택,20년~30년미만,4081
2020,동대문구,다세대주택,20년~30년미만,2033
2020,중랑구,다세대주택,20년~30년미만,2960
2020,성북구,다세대주택,20년~30년미만,6248
2020,강북구,다세대주택,20년~30년미만,10438
2020,도봉구,다세대주택,20년~30년미만,8655
2020,노원구,다세대주택,20년~30년미만,4415
2020,은평구,다세대주택,20년~30년미만,15446
2020,서대문구,다세대주택,20년~30년미만,6246
2020,마포구,다세대주택,20년~30년미만,7086
2020,양천구,다세대주택,20년~30년미만,7236
2020,강서구,다세대주택,20년~30년미만,11231
2020,구로구,다세대주택,20년~30년미만,6311
2020,금천구,다세대주택,20년~30년미만,2375
2020,영등포구,다세대주택,20년~30년미만,1988
2020,동작구,다세대주택,20년~30년미만,6394
2020,관악구,다세대주택,20년~30년미만,12003
2020,서초구,다세대주택,20년~30년미만,4294
2020,강남구,다세대주택,20년~30년미만,3835
2020,송파구,다세대주택,20년~30년미만,8336
2020,강동구,다세대주택,20년~30년미만,2754
2020,종로구,단독주택,30년 이상,8471
2020,중구,단독주택,30년 이상,4046
2020,용산구,단독주택,30년 이상,9432
2020,성동구,단독주택,30년 이상,6032
2020,광진구,단독주택,30년 이상,6705
2020,동대문구,단독주택,30년 이상,10012
2020,중랑구,단독주택,30년 이상,8146
2020,성북구,단독주택,30년 이상,13598
2020,강북구,단독주택,30년 이상,9438
2020,도봉구,단독주택,30년 이상,4202
2020,노원구,단독주택,30년 이상,3576
2020,은평구,단독주택,30년 이상,8389
2020,서대문구,단독주택,30년 이상,7650
2020,마포구,단독주택,30년 이상,5542
2020,양천구,단독주택,30년 이상,3630
2020,강서구,단독주택,30년 이상,4951
2020,구로구,단독주택,30년 이상,6487
2020,금천구,단독주택,30년 이상,5524
2020,영등포구,단독주택,30년 이상,7776
2020,동작구,단독주택,30년 이상,8157
2020,관악구,단독주택,30년 이상,9389
2020,서초구,단독주택,30년 이상,2563
2020,강남구,단독주택,30년 이상,2093
2020,송파구,단독주택,30년 이상,4279
2020,강동구,단독주택,30년 이상,5647
2020,종로구,아파트,30년 이상,1237
2020,중구,아파트,30년 이상,1801
2020,용산구,아파트,30년 이상,8422
2020,성동구,아파트,30년 이상,6630
2020,광진구,아파트,30년 이상,6509
2020,동대문구,아파트,30년 이상,4052
2020,중랑구,아파트,30년 이상,2979
2020,성북구,아파트,30년 이상,1985
2020,강북구,아파트,30년 이상,342
2020,도봉구,아파트,30년 이상,20498
2020,노원구,아파트,30년 이상,62720
2020,은평구,아파트,30년 이상,3175
2020,서대문구,아파트,30년 이상,4030
2020,마포구,아파트,30년 이상,5099
2020,양천구,아파트,30년 이상,30720
2020,강서구,아파트,30년 이상,2376
2020,구로구,아파트,30년 이상,10450
2020,금천구,아파트,30년 이상,3558
2020,영등포구,아파트,30년 이상,18344
2020,동작구,아파트,30년 이상,4767
2020,관악구,아파트,30년 이상,2719
2020,서초구,아파트,30년 이상,22682
2020,강남구,아파트,30년 이상,34560
2020,송파구,아파트,30년 이상,35724
2020,강동구,아파트,30년 이상,11987
2020,종로구,연립주택,30년 이상,1977
2020,중구,연립주택,30년 이상,443
2020,용산구,연립주택,30년 이상,810
2020,성동구,연립주택,30년 이상,1327
2020,광진구,연립주택,30년 이상,1618
2020,동대문구,연립주택,30년 이상,1498
2020,중랑구,연립주택,30년 이상,2165
2020,성북구,연립주택,30년 이상,1716
2020,강북구,연립주택,30년 이상,1829
2020,도봉구,연립주택,30년 이상,1436
2020,노원구,연립주택,30년 이상,686
2020,은평구,연립주택,30년 이상,1444
2020,서대문구,연립주택,30년 이상,1737
2020,마포구,연립주택,30년 이상,1254
2020,양천구,연립주택,30년 이상,1810
2020,강서구,연립주택,30년 이상,2184
2020,구로구,연립주택,30년 이상,4739
2020,금천구,연립주택,30년 이상,2147
2020,영등포구,연립주택,30년 이상,853
2020,동작구,연립주택,30년 이상,1112
2020,관악구,연립주택,30년 이상,1470
2020,서초구,연립주택,30년 이상,1662
2020,강남구,연립주택,30년 이상,1432
2020,송파구,연립주택,30년 이상,1332
2020,강동구,연립주택,30년 이상,1044
2020,종로구,다세대주택,30년 이상,764
2020,중구,다세대주택,30년 이상,677
2020,용산구,다세대주택,30년 이상,2864
2020,성동구,다세대주택,30년 이상,820
2020,광진구,다세대주택,30년 이상,1066
2020,동대문구,다세대주택,30년 이상,1170
2020,중랑구,다세대주택,30년 이상,1238
2020,성북구,다세대주택,30년 이상,1281
2020,강북구,다세대주택,30년 이상,4866
2020,도봉구,다세대주택,30년 이상,1713
2020,노원구,다세대주택,30년 이상,1150
2020,은평구,다세대주택,30년 이상,5141
2020,서대문구,다세대주택,30년 이상,3383
2020,마포구,다세대주택,30년 이상,4790
2020,양천구,다세대주택,30년 이상,7315
2020,강서구,다세대주택,30년 이상,2299
2020,구로구,다세대주택,30년 이상,2223
2020,금천구,다세대주택,30년 이상,1013
2020,영등포구,다세대주택,30년 이상,954
2020,동작구,다세대주택,30년 이상,2719
2020,관악구,다세대주택,30년 이상,3771
2020,서초구,다세대주택,30년 이상,2357
2020,강남구,다세대주택,30년 이상,2416
2020,송파구,다세대주택,30년 이상,3610
2020,강동구,다세대주택,30년 이상,2598
2021,종로구,단독주택,20년~30년미만,2192
2021,중구,단독주택,20년~30년미만,1254
2021,용산구,단독주택,20년~30년미만,3182
2021,성동구,단독주택,20년~30년미만,2971
2021,광진구,단독주택,20년~30년미만,5344
2021,동대문구,단독주택,20년~30년미만,4672
2021,중랑구,단독주택,20년~30년미만,6480
2021,성북구,단독주택,20년~30년미만,6064
2021,강북구,단독주택,20년~30년미만,5914
2021,도봉구,단독주택,20년~30년미만,3149
2021,노원구,단독주택,20년~30년미만,1771
2021,은평구,단독주택,20년~30년미만,3674
2021,서대문구,단독주택,20년~30년미만,3119
2021,마포구,단독주택,20년~30년미만,3936
2021,양천구,단독주택,20년~30년미만,2690
2021,강서구,단독주택,20년~30년미만,3228
2021,구로구,단독주택,20년~30년미만,3355
2021,금천구,단독주택,20년~30년미만,2043
2021,영등포구,단독주택,20년~30년미만,4241
2021,동작구,단독주택,20년~30년미만,3353
2021,관악구,단독주택,20년~30년미만,6228
2021,서초구,단독주택,20년~30년미만,1855
2021,강남구,단독주택,20년~30년미만,3115
2021,송파구,단독주택,20년~30년미만,2676
2021,강동구,단독주택,20년~30년미만,2682
2021,종로구,아파트,20년~30년미만,5414
2021,중구,아파트,20년~30년미만,6588
2021,용산구,아파트,20년~30년미만,13039
2021,성동구,아파트,20년~30년미만,24755
2021,광진구,아파트,20년~30년미만,14558
2021,동대문구,아파트,20년~30년미만,16950
2021,중랑구,아파트,20년~30년미만,26989
2021,성북구,아파트,20년~30년미만,20651
2021,강북구,아파트,20년~30년미만,6027
2021,도봉구,아파트,20년~30년미만,26465
2021,노원구,아파트,20년~30년미만,77100
2021,은평구,아파트,20년~30년미만,7325
2021,서대문구,아파트,20년~30년미만,20817
2021,마포구,아파트,20년~30년미만,17286
2021,양천구,아파트,20년~30년미만,26086
2021,강서구,아파트,20년~30년미만,55720
2021,구로구,아파트,20년~30년미만,34287
2021,금천구,아파트,20년~30년미만,7819
2021,영등포구,아파트,20년~30년미만,22934
2021,동작구,아파트,20년~30년미만,23197
2021,관악구,아파트,20년~30년미만,22022
2021,서초구,아파트,20년~30년미만,13274
2021,강남구,아파트,20년~30년미만,32601
2021,송파구,아파트,20년~30년미만,20526
2021,강동구,아파트,20년~30년미만,16133
2021,종로구,연립주택,20년~30년미만,2436
2021,중구,연립주택,20년~30년미만,1171
2021,용산구,연립주택,20년~30년미만,1755
2021,성동구,연립주택,20년~30년미만,361
2021,광진구,연립주택,20년~30년미만,1738
2021,동대문구,연립주택,20년~30년미만,581
2021,중랑구,연립주택,20년~30년미만,1339
2021,성북구,연립주택,20년~30년미만,3164
2021,강북구,연립주택,20년~30년미만,1936
2021,도봉구,연립주택,20년~30년미만,1792
2021,노원구,연립주택,20년~30년미만,1846
2021,은평구,연립주택,20년~30년미만,3084
2021,서대문구,연립주택,20년~30년미만,2331
2021,마포구,연립주택,20년~30년미만,1381
2021,양천구,연립주택,20년~30년미만,1506
2021,강서구,연립주택,20년~30년미만,1711
2021,구로구,연립주택,20년~30년미만,1699
2021,금천구,연립주택,20년~30년미만,1146
2021,영등포구,연립주택,20년~30년미만,362
2021,동작구,연립주택,20년~30년미만,2750
2021,관악구,연립주택,20년~30년미만,3823
2021,서초구,연립주택,20년~30년미만,2875
2021,강남구,연립주택,20년~30년미만,2381
2021,송파구,연립주택,20년~30년미만,2015
2021,강동구,연립주택,20년~30년미만,1614
2021,종로구,다세대주택,20년~30년미만,6060
2021,중구,다세대주택,20년~30년미만,2630
2021,용산구,다세대주택,20년~30년미만,4229
2021,성동구,다세대주택,20년~30년미만,3067
2021,광진구,다세대주택,20년~30년미만,4491
2021,동대문구,다세대주택,20년~30년미만,1716
2021,중랑구,다세대주택,20년~30년미만,2746
2021,성북구,다세대주택,20년~30년미만,5834
2021,강북구,다세대주택,20년~30년미만,9727
2021,도봉구,다세대주택,20년~30년미만,8165
2021,노원구,다세대주택,20년~30년미만,4072
2021,은평구,다세대주택,20년~30년미만,15085
2021,서대문구,다세대주택,20년~30년미만,5817
2021,마포구,다세대주택,20년~30년미만,5801
2021,양천구,다세대주택,20년~30년미만,6545
2021,강서구,다세대주택,20년~30년미만,13775
2021,구로구,다세대주택,20년~30년미만,6365
2021,금천구,다세대주택,20년~30년미만,2455
2021,영등포구,다세대주택,20년~30년미만,2313
2021,동작구,다세대주택,20년~30년미만,5768
2021,관악구,다세대주택,20년~30년미만,10271
2021,서초구,다세대주택,20년~30년미만,4355
2021,강남구,다세대주택,20년~30년미만,5494
2021,송파구,다세대주택,20년~30년미만,7924
2021,강동구,다세대주택,20년~30년미만,2726
2021,종로구,단독주택,30년 이상,8494
2021,중구,단독주택,30년 이상,4196
2021,용산구,단독주택,30년 이상,9739
2021,성동구,단독주택,30년 이상,6464
2021,광진구,단독주택,30년 이상,7528
2021,동대문구,단독주택,30년 이상,10354
2021,중랑구,단독주택,30년 이상,9357
2021,성북구,단독주택,30년 이상,13716
2021,강북구,단독주택,30년 이상,9978
2021,도봉구,단독주택,30년 이상,4577
2021,노원구,단독주택,30년 이상,3781
2021,은평구,단독주택,30년 이상,9466
2021,서대문구,단독주택,30년 이상,8182
2021,마포구,단독주택,30년 이상,5891
2021,양천구,단독주택,30년 이상,4254
2021,강서구,단독주택,30년 이상,5512
2021,구로구,단독주택,30년 이상,7353
2021,금천구,단독주택,30년 이상,5963
2021,영등포구,단독주택,30년 이상,8678
2021,동작구,단독주택,30년 이상,9017
2021,관악구,단독주택,30년 이상,10381
2021,서초구,단독주택,30년 이상,2594
2021,강남구,단독주택,30년 이상,2153
2021,송파구,단독주택,30년 이상,4636
2021,강동구,단독주택,30년 이상,6054
2021,종로구,아파트,30년 이상,1213
2021,중구,아파트,30년 이상,1680
2021,용산구,아파트,30년 이상,8205
2021,성동구,아파트,30년 이상,6630
2021,광진구,아파트,30년 이상,6667
2021,동대문구,아파트,30년 이상,4276
2021,중랑구,아파트,30년 이상,3823
2021,성북구,아파트,30년 이상,2641
2021,강북구,아파트,30년 이상,6852
2021,도봉구,아파트,30년 이상,23919
2021,노원구,아파트,30년 이상,66653
2021,은평구,아파트,30년 이상,3311
2021,서대문구,아파트,30년 이상,4427
2021,마포구,아파트,30년 이상,8128
2021,양천구,아파트,30년 이상,30876
2021,강서구,아파트,30년 이상,2919
2021,구로구,아파트,30년 이상,10246
2021,금천구,아파트,30년 이상,6621
2021,영등포구,아파트,30년 이상,19515
2021,동작구,아파트,30년 이상,5122
2021,관악구,아파트,30년 이상,3051
2021,서초구,아파트,30년 이상,20749
2021,강남구,아파트,30년 이상,33303
2021,송파구,아파트,30년 이상,36748
2021,강동구,아파트,30년 이상,11901
2021,종로구,연립주택,30년 이상,2100
2021,중구,연립주택,30년 이상,466
2021,용산구,연립주택,30년 이상,917
2021,성동구,연립주택,30년 이상,1367
2021,광진구,연립주택,30년 이상,1688
2021,동대문구,연립주택,30년 이상,1465
2021,중랑구,연립주택,30년 이상,2350
2021,성북구,연립주택,30년 이상,2065
2021,강북구,연립주택,30년 이상,1871
2021,도봉구,연립주택,30년 이상,1524
2021,노원구,연립주택,30년 이상,741
2021,은평구,연립주택,30년 이상,1924
2021,서대문구,연립주택,30년 이상,1900
2021,마포구,연립주택,30년 이상,1315
2021,양천구,연립주택,30년 이상,1802
2021,강서구,연립주택,30년 이상,2244
2021,구로구,연립주택,30년 이상,4788
2021,금천구,연립주택,30년 이상,2250
2021,영등포구,연립주택,30년 이상,829
2021,동작구,연립주택,30년 이상,1371
2021,관악구,연립주택,30년 이상,1559
2021,서초구,연립주택,30년 이상,1775
2021,강남구,연립주택,30년 이상,1550
2021,송파구,연립주택,30년 이상,1912
2021,강동구,연립주택,30년 이상,1256
2021,종로구,다세대주택,30년 이상,925
2021,중구,다세대주택,30년 이상,719
2021,용산구,다세대주택,30년 이상,3144
2021,성동구,다세대주택,30년 이상,891
2021,광진구,다세대주택,30년 이상,1664
2021,동대문구,다세대주택,30년 이상,1268
2021,중랑구,다세대주택,30년 이상,1668
2021,성북구,다세대주택,30년 이상,2202
2021,강북구,다세대주택,30년 이상,6520
2021,도봉구,다세대주택,30년 이상,3011
2021,노원구,다세대주택,30년 이상,1698
2021,은평구,다세대주택,30년 이상,7711
2021,서대문구,다세대주택,30년 이상,4462
2021,마포구,다세대주택,30년 이상,6286
2021,양천구,다세대주택,30년 이상,9090
2021,강서구,다세대주택,30년 이상,4222
2021,구로구,다세대주택,30년 이상,2891
2021,금천구,다세대주택,30년 이상,1489
2021,영등포구,다세대주택,30년 이상,1026
2021,동작구,다세대주택,30년 이상,4169
2021,관악구,다세대주택,30년 이상,6319
2021,서초구,다세대주택,30년 이상,2912
2021,강남구,다세대주택,30년 이상,2685
2021,송파구,다세대주택,30년 이상,4708
2021,강동구,다세대주택,30년 이상,3072
2022,종로구,단독주택,20년~30년미만,2045
2022,중구,단독주택,20년~30년미만,1103
2022,용산구,단독주택,20년~30년미만,2618
2022,성동구,단독주택,20년~30년미만,2238
2022,광진구,단독주택,20년~30년미만,4720
2022,동대문구,단독주택,20년~30년미만,3871
2022,중랑구,단독주택,20년~30년미만,5185
2022,성북구,단독주택,20년~30년미만,5154
2022,강북구,단독주택,20년~30년미만,5103
2022,도봉구,단독주택,20년~30년미만,2771
2022,노원구,단독주택,20년~30년미만,1574
2022,은평구,단독주택,20년~30년미만,3091
2022,서대문구,단독주택,20년~30년미만,2606
2022,마포구,단독주택,20년~30년미만,3557
2022,양천구,단독주택,20년~30년미만,2231
2022,강서구,단독주택,20년~30년미만,2898
2022,구로구,단독주택,20년~30년미만,2548
2022,금천구,단독주택,20년~30년미만,1613
2022,영등포구,단독주택,20년~30년미만,3213
2022,동작구,단독주택,20년~30년미만,2792
2022,관악구,단독주택,20년~30년미만,5602
2022,서초구,단독주택,20년~30년미만,1778
2022,강남구,단독주택,20년~30년미만,3117
2022,송파구,단독주택,20년~30년미만,2347
2022,강동구,단독주택,20년~30년미만,2350
2022,종로구,아파트,20년~30년미만,5501
2022,중구,아파트,20년~30년미만,11919
2022,용산구,아파트,20년~30년미만,13504
2022,성동구,아파트,20년~30년미만,28966
2022,광진구,아파트,20년~30년미만,15765
2022,동대문구,아파트,20년~30년미만,20661
2022,중랑구,아파트,20년~30년미만,27992
2022,성북구,아파트,20년~30년미만,20814
2022,강북구,아파트,20년~30년미만,6300
2022,도봉구,아파트,20년~30년미만,22958
2022,노원구,아파트,20년~30년미만,66191
2022,은평구,아파트,20년~30년미만,8191
2022,서대문구,아파트,20년~30년미만,21722
2022,마포구,아파트,20년~30년미만,17896
2022,양천구,아파트,20년~30년미만,28795
2022,강서구,아파트,20년~30년미만,56953
2022,구로구,아파트,20년~30년미만,36422
2022,금천구,아파트,20년~30년미만,9553
2022,영등포구,아파트,20년~30년미만,27448
2022,동작구,아파트,20년~30년미만,23523
2022,관악구,아파트,20년~30년미만,20701
2022,서초구,아파트,20년~30년미만,15360
2022,강남구,아파트,20년~30년미만,27465
2022,송파구,아파트,20년~30년미만,21128
2022,강동구,아파트,20년~30년미만,17488
2022,종로구,연립주택,20년~30년미만,2269
2022,중구,연립주택,20년~30년미만,1198
2022,용산구,연립주택,20년~30년미만,1763
2022,성동구,연립주택,20년~30년미만,338
2022,광진구,연립주택,20년~30년미만,1713
2022,동대문구,연립주택,20년~30년미만,743
2022,중랑구,연립주택,20년~30년미만,1317
2022,성북구,연립주택,20년~30년미만,2736
2022,강북구,연립주택,20년~30년미만,2105
2022,도봉구,연립주택,20년~30년미만,1737
2022,노원구,연립주택,20년~30년미만,1944
2022,은평구,연립주택,20년~30년미만,2991
2022,서대문구,연립주택,20년~30년미만,2520
2022,마포구,연립주택,20년~30년미만,1325
2022,양천구,연립주택,20년~30년미만,1451
2022,강서구,연립주택,20년~30년미만,1716
2022,구로구,연립주택,20년~30년미만,1557
2022,금천구,연립주택,20년~30년미만,1301
2022,영등포구,연립주택,20년~30년미만,385
2022,동작구,연립주택,20년~30년미만,2686
2022,관악구,연립주택,20년~30년미만,3643
2022,서초구,연립주택,20년~30년미만,2541
2022,강남구,연립주택,20년~30년미만,2398
2022,송파구,연립주택,20년~30년미만,1697
2022,강동구,연립주택,20년~30년미만,1270
2022,종로구,다세대주택,20년~30년미만,6903
2022,중구,다세대주택,20년~30년미만,2938
2022,용산구,다세대주택,20년~30년미만,4506
2022,성동구,다세대주택,20년~30년미만,3216
2022,광진구,다세대주택,20년~30년미만,7203
2022,동대문구,다세대주택,20년~30년미만,2299
2022,중랑구,다세대주택,20년~30년미만,4026
2022,성북구,다세대주택,20년~30년미만,7233
2022,강북구,다세대주택,20년~30년미만,11037
2022,도봉구,다세대주택,20년~30년미만,9230
2022,노원구,다세대주택,20년~30년미만,4313
2022,은평구,다세대주택,20년~30년미만,19353
2022,서대문구,다세대주택,20년~30년미만,6851
2022,마포구,다세대주택,20년~30년미만,6977
2022,양천구,다세대주택,20년~30년미만,9425
2022,강서구,다세대주택,20년~30년미만,21759
2022,구로구,다세대주택,20년~30년미만,8842
2022,금천구,다세대주택,20년~30년미만,3878
2022,영등포구,다세대주택,20년~30년미만,2858
2022,동작구,다세대주택,20년~30년미만,7394
2022,관악구,다세대주택,20년~30년미만,11378
2022,서초구,다세대주택,20년~30년미만,5933
2022,강남구,다세대주택,20년~30년미만,10252
2022,송파구,다세대주택,20년~30년미만,13810
2022,강동구,다세대주택,20년~30년미만,4693
2022,종로구,단독주택,30년 이상,8576
2022,중구,단독주택,30년 이상,4299
2022,용산구,단독주택,30년 이상,10147
2022,성동구,단독주택,30년 이상,6738
2022,광진구,단독주택,30년 이상,8183
2022,동대문구,단독주택,30년 이상,11006
2022,중랑구,단독주택,30년 이상,10550
2022,성북구,단독주택,30년 이상,14042
2022,강북구,단독주택,30년 이상,10758
2022,도봉구,단독주택,30년 이상,4997
2022,노원구,단독주택,30년 이상,4039
2022,은평구,단독주택,30년 이상,10013
2022,서대문구,단독주택,30년 이상,8673
2022,마포구,단독주택,30년 이상,6027
2022,양천구,단독주택,30년 이상,4723
2022,강서구,단독주택,30년 이상,5711
2022,구로구,단독주택,30년 이상,8087
2022,금천구,단독주택,30년 이상,6277
2022,영등포구,단독주택,30년 이상,9359
2022,동작구,단독주택,30년 이상,9383
2022,관악구,단독주택,30년 이상,11002
2022,서초구,단독주택,30년 이상,2630
2022,강남구,단독주택,30년 이상,2202
2022,송파구,단독주택,30년 이상,4916
2022,강동구,단독주택,30년 이상,6198
2022,종로구,아파트,30년 이상,1209
2022,중구,아파트,30년 이상,1691
2022,용산구,아파트,30년 이상,8422
2022,성동구,아파트,30년 이상,6729
2022,광진구,아파트,30년 이상,6970
2022,동대문구,아파트,30년 이상,6110
2022,중랑구,아파트,30년 이상,4385
2022,성북구,아파트,30년 이상,2641
2022,강북구,아파트,30년 이상,7426
2022,도봉구,아파트,30년 이상,30208
2022,노원구,아파트,30년 이상,82451
2022,은평구,아파트,30년 이상,3646
2022,서대문구,아파트,30년 이상,5130
2022,마포구,아파트,30년 이상,8216
2022,양천구,아파트,30년 이상,31737
2022,강서구,아파트,30년 이상,5911
2022,구로구,아파트,30년 이상,11264
2022,금천구,아파트,30년 이상,6655
2022,영등포구,아파트,30년 이상,20439
2022,동작구,아파트,30년 이상,5687
2022,관악구,아파트,30년 이상,4910
2022,서초구,아파트,30년 이상,18615
2022,강남구,아파트,30년 이상,42269
2022,송파구,아파트,30년 이상,37999
2022,강동구,아파트,30년 이상,12806
2022,종로구,연립주택,30년 이상,2558
2022,중구,연립주택,30년 이상,502
2022,용산구,연립주택,30년 이상,1084
2022,성동구,연립주택,30년 이상,1417
2022,광진구,연립주택,30년 이상,1794
2022,동대문구,연립주택,30년 이상,1431
2022,중랑구,연립주택,30년 이상,2387
2022,성북구,연립주택,30년 이상,2548
2022,강북구,연립주택,30년 이상,1931
2022,도봉구,연립주택,30년 이상,1612
2022,노원구,연립주택,30년 이상,766
2022,은평구,연립주택,30년 이상,2168
2022,서대문구,연립주택,30년 이상,2124
2022,마포구,연립주택,30년 이상,1369
2022,양천구,연립주택,30년 이상,1891
2022,강서구,연립주택,30년 이상,2228
2022,구로구,연립주택,30년 이상,4847
2022,금천구,연립주택,30년 이상,2256
2022,영등포구,연립주택,30년 이상,849
2022,동작구,연립주택,30년 이상,1655
2022,관악구,연립주택,30년 이상,1870
2022,서초구,연립주택,30년 이상,2126
2022,강남구,연립주택,30년 이상,1832
2022,송파구,연립주택,30년 이상,2259
2022,강동구,연립주택,30년 이상,1561
2022,종로구,다세대주택,30년 이상,1050
2022,중구,다세대주택,30년 이상,825
2022,용산구,다세대주택,30년 이상,3786
2022,성동구,다세대주택,30년 이상,1156
2022,광진구,다세대주택,30년 이상,2438
2022,동대문구,다세대주택,30년 이상,1644
2022,중랑구,다세대주택,30년 이상,2279
2022,성북구,다세대주택,30년 이상,3396
2022,강북구,다세대주택,30년 이상,8046
2022,도봉구,다세대주택,30년 이상,4322
2022,노원구,다세대주택,30년 이상,2647
2022,은평구,다세대주택,30년 이상,10327
2022,서대문구,다세대주택,30년 이상,5792
2022,마포구,다세대주택,30년 이상,7796
2022,양천구,다세대주택,30년 이상,10249
2022,강서구,다세대주택,30년 이상,5404
2022,구로구,다세대주택,30년 이상,3297
2022,금천구,다세대주택,30년 이상,2034
2022,영등포구,다세대주택,30년 이상,1263
2022,동작구,다세대주택,30년 이상,5551
2022,관악구,다세대주택,30년 이상,8644
2022,서초구,다세대주택,30년 이상,3571
2022,강남구,다세대주택,30년 이상,3213
2022,송파구,다세대주택,30년 이상,6136
2022,강동구,다세대주택,30년 이상,3587
2023,종로구,단독주택,20년~30년미만,1824
2023,중구,단독주택,20년~30년미만,932
2023,용산구,단독주택,20년~30년미만,2176
2023,성동구,단독주택,20년~30년미만,1748
2023,광진구,단독주택,20년~30년미만,3988
2023,동대문구,단독주택,20년~30년미만,2971
2023,중랑구,단독주택,20년~30년미만,3610
2023,성북구,단독주택,20년~30년미만,3953
2023,강북구,단독주택,20년~30년미만,3847
2023,도봉구,단독주택,20년~30년미만,2193
2023,노원구,단독주택,20년~30년미만,1336
2023,은평구,단독주택,20년~30년미만,2337
2023,서대문구,단독주택,20년~30년미만,2100
2023,마포구,단독주택,20년~30년미만,2974
2023,양천구,단독주택,20년~30년미만,1580
2023,강서구,단독주택,20년~30년미만,2390
2023,구로구,단독주택,20년~30년미만,1845
2023,금천구,단독주택,20년~30년미만,1216
2023,영등포구,단독주택,20년~30년미만,2276
2023,동작구,단독주택,20년~30년미만,2068
2023,관악구,단독주택,20년~30년미만,4481
2023,서초구,단독주택,20년~30년미만,1714
2023,강남구,단독주택,20년~30년미만,3068
2023,송파구,단독주택,20년~30년미만,2008
2023,강동구,단독주택,20년~30년미만,1935
2023,종로구,아파트,20년~30년미만,4343
2023,중구,아파트,20년~30년미만,11137
2023,용산구,아파트,20년~30년미만,14739
2023,성동구,아파트,20년~30년미만,31537
2023,광진구,아파트,20년~30년미만,15832
2023,동대문구,아파트,20년~30년미만,26151
2023,중랑구,아파트,20년~30년미만,28688
2023,성북구,아파트,20년~30년미만,29606
2023,강북구,아파트,20년~30년미만,7710
2023,도봉구,아파트,20년~30년미만,25915
2023,노원구,아파트,20년~30년미만,59727
2023,은평구,아파트,20년~30년미만,10717
2023,서대문구,아파트,20년~30년미만,22237
2023,마포구,아파트,20년~30년미만,22152
2023,양천구,아파트,20년~30년미만,32121
2023,강서구,아파트,20년~30년미만,43739
2023,구로구,아파트,20년~30년미만,39589
2023,금천구,아파트,20년~30년미만,11078
2023,영등포구,아파트,20년~30년미만,28004
2023,동작구,아파트,20년~30년미만,27389
2023,관악구,아파트,20년~30년미만,25288
2023,서초구,아파트,20년~30년미만,20452
2023,강남구,아파트,20년~30년미만,22475
2023,송파구,아파트,20년~30년미만,21246
2023,강동구,아파트,20년~30년미만,20282
2023,종로구,연립주택,20년~30년미만,2202
2023,중구,연립주택,20년~30년미만,1182
2023,용산구,연립주택,20년~30년미만,1806
2023,성동구,연립주택,20년~30년미만,358
2023,광진구,연립주택,20년~30년미만,1846
2023,동대문구,연립주택,20년~30년미만,890
2023,중랑구,연립주택,20년~30년미만,1308
2023,성북구,연립주택,20년~30년미만,2643
2023,강북구,연립주택,20년~30년미만,2116
2023,도봉구,연립주택,20년~30년미만,1712
2023,노원구,연립주택,20년~30년미만,2066
2023,은평구,연립주택,20년~30년미만,2788
2023,서대문구,연립주택,20년~30년미만,2599
2023,마포구,연립주택,20년~30년미만,1238
2023,양천구,연립주택,20년~30년미만,1293
2023,강서구,연립주택,20년~30년미만,1670
2023,구로구,연립주택,20년~30년미만,1572
2023,금천구,연립주택,20년~30년미만,1325
2023,영등포구,연립주택,20년~30년미만,384
2023,동작구,연립주택,20년~30년미만,2578
2023,관악구,연립주택,20년~30년미만,3563
2023,서초구,연립주택,20년~30년미만,2385
2023,강남구,연립주택,20년~30년미만,2501
2023,송파구,연립주택,20년~30년미만,1494
2023,강동구,연립주택,20년~30년미만,1193
2023,종로구,다세대주택,20년~30년미만,7784
2023,중구,다세대주택,20년~30년미만,3181
2023,용산구,다세대주택,20년~30년미만,5104
2023,성동구,다세대주택,20년~30년미만,3377
2023,광진구,다세대주택,20년~30년미만,9400
2023,동대문구,다세대주택,20년~30년미만,2885
2023,중랑구,다세대주택,20년~30년미만,5915
2023,성북구,다세대주택,20년~30년미만,8617
2023,강북구,다세대주택,20년~30년미만,11920
2023,도봉구,다세대주택,20년~30년미만,9786
2023,노원구,다세대주택,20년~30년미만,4879
2023,은평구,다세대주택,20년~30년미만,21646
2023,서대문구,다세대주택,20년~30년미만,8088
2023,마포구,다세대주택,20년~30년미만,8457
2023,양천구,다세대주택,20년~30년미만,10404
2023,강서구,다세대주택,20년~30년미만,24611
2023,구로구,다세대주택,20년~30년미만,10144
2023,금천구,다세대주택,20년~30년미만,5183
2023,영등포구,다세대주택,20년~30년미만,3400
2023,동작구,다세대주택,20년~30년미만,8669
2023,관악구,다세대주택,20년~30년미만,11983
2023,서초구,다세대주택,20년~30년미만,6973
2023,강남구,다세대주택,20년~30년미만,13432
2023,송파구,다세대주택,20년~30년미만,20071
2023,강동구,다세대주택,20년~30년미만,6586
2023,종로구,단독주택,30년 이상,8675
2023,중구,단독주택,30년 이상,4518
2023,용산구,단독주택,30년 이상,10567
2023,성동구,단독주택,30년 이상,7224
2023,광진구,단독주택,30년 이상,9015
2023,동대문구,단독주택,30년 이상,11999
2023,중랑구,단독주택,30년 이상,12258
2023,성북구,단독주택,30년 이상,15324
2023,강북구,단독주택,30년 이상,12040
2023,도봉구,단독주택,30년 이상,5545
2023,노원구,단독주택,30년 이상,4208
2023,은평구,단독주택,30년 이상,10743
2023,서대문구,단독주택,30년 이상,9227
2023,마포구,단독주택,30년 이상,6658
2023,양천구,단독주택,30년 이상,5447
2023,강서구,단독주택,30년 이상,6295
2023,구로구,단독주택,30년 이상,8741
2023,금천구,단독주택,30년 이상,6693
2023,영등포구,단독주택,30년 이상,10327
2023,동작구,단독주택,30년 이상,9937
2023,관악구,단독주택,30년 이상,12119
2023,서초구,단독주택,30년 이상,2740
2023,강남구,단독주택,30년 이상,2336
2023,송파구,단독주택,30년 이상,5228
2023,강동구,단독주택,30년 이상,6669
2023,종로구,아파트,30년 이상,2776
2023,중구,아파트,30년 이상,2638
2023,용산구,아파트,30년 이상,8568
2023,성동구,아파트,30년 이상,6764
2023,광진구,아파트,30년 이상,7542
2023,동대문구,아파트,30년 이상,6190
2023,중랑구,아파트,30년 이상,5600
2023,성북구,아파트,30년 이상,2651
2023,강북구,아파트,30년 이상,7918
2023,도봉구,아파트,30년 이상,31340
2023,노원구,아파트,30년 이상,90559
2023,은평구,아파트,30년 이상,4263
2023,서대문구,아파트,30년 이상,6515
2023,마포구,아파트,30년 이상,8142
2023,양천구,아파트,30년 이상,32256
2023,강서구,아파트,30년 이상,22976
2023,구로구,아파트,30년 이상,11648
2023,금천구,아파트,30년 이상,6655
2023,영등포구,아파트,30년 이상,21253
2023,동작구,아파트,30년 이상,7648
2023,관악구,아파트,30년 이상,7824
2023,서초구,아파트,30년 이상,19168
2023,강남구,아파트,30년 이상,50105
2023,송파구,아파트,30년 이상,39141
2023,강동구,아파트,30년 이상,12898
2023,종로구,연립주택,30년 이상,2775
2023,중구,연립주택,30년 이상,592
2023,용산구,연립주택,30년 이상,1227
2023,성동구,연립주택,30년 이상,1346
2023,광진구,연립주택,30년 이상,1834
2023,동대문구,연립주택,30년 이상,1472
2023,중랑구,연립주택,30년 이상,2438
2023,성북구,연립주택,30년 이상,2726
2023,강북구,연립주택,30년 이상,1956
2023,도봉구,연립주택,30년 이상,1672
2023,노원구,연립주택,30년 이상,775
2023,은평구,연립주택,30년 이상,2397
2023,서대문구,연립주택,30년 이상,2163
2023,마포구,연립주택,30년 이상,1419
2023,양천구,연립주택,30년 이상,2071
2023,강서구,연립주택,30년 이상,2262
2023,구로구,연립주택,30년 이상,4849
2023,금천구,연립주택,30년 이상,2257
2023,영등포구,연립주택,30년 이상,881
2023,동작구,연립주택,30년 이상,1815
2023,관악구,연립주택,30년 이상,2034
2023,서초구,연립주택,30년 이상,2343
2023,강남구,연립주택,30년 이상,2060
2023,송파구,연립주택,30년 이상,2504
2023,강동구,연립주택,30년 이상,1633
2023,종로구,다세대주택,30년 이상,1252
2023,중구,다세대주택,30년 이상,964
2023,용산구,다세대주택,30년 이상,4204
2023,성동구,다세대주택,30년 이상,1571
2023,광진구,다세대주택,30년 이상,2834
2023,동대문구,다세대주택,30년 이상,1854
2023,중랑구,다세대주택,30년 이상,2586
2023,성북구,다세대주택,30년 이상,4075
2023,강북구,다세대주택,30년 이상,9501
2023,도봉구,다세대주택,30년 이상,5571
2023,노원구,다세대주택,30년 이상,3146
2023,은평구,다세대주택,30년 이상,12421
2023,서대문구,다세대주택,30년 이상,6659
2023,마포구,다세대주택,30년 이상,8615
2023,양천구,다세대주택,30년 이상,11509
2023,강서구,다세대주택,30년 이상,6443
2023,구로구,다세대주택,30년 이상,3670
2023,금천구,다세대주택,30년 이상,2252
2023,영등포구,다세대주택,30년 이상,1617
2023,동작구,다세대주택,30년 이상,6258
2023,관악구,다세대주택,30년 이상,10563
2023,서초구,다세대주택,30년 이상,4317
2023,강남구,다세대주택,30년 이상,3473
2023,송파구,다세대주택,30년 이상,7596
2023,강동구,다세대주택,30년 이상,4126
2024,종로구,단독주택,20년~30년미만,1586
2024,중구,단독주택,20년~30년미만,742
2024,용산구,단독주택,20년~30년미만,1734
2024,성동구,단독주택,20년~30년미만,1213
2024,광진구,단독주택,20년~30년미만,3295
2024,동대문구,단독주택,20년~30년미만,2060
2024,중랑구,단독주택,20년~30년미만,2267
2024,성북구,단독주택,20년~30년미만,2688
2024,강북구,단독주택,20년~30년미만,2420
2024,도봉구,단독주택,20년~30년미만,1525
2024,노원구,단독주택,20년~30년미만,1040
2024,은평구,단독주택,20년~30년미만,1473
2024,서대문구,단독주택,20년~30년미만,1612
2024,마포구,단독주택,20년~30년미만,2365
2024,양천구,단독주택,20년~30년미만,1163
2024,강서구,단독주택,20년~30년미만,1889
2024,구로구,단독주택,20년~30년미만,1332
2024,금천구,단독주택,20년~30년미만,905
2024,영등포구,단독주택,20년~30년미만,1652
2024,동작구,단독주택,20년~30년미만,1512
2024,관악구,단독주택,20년~30년미만,3638
2024,서초구,단독주택,20년~30년미만,1582
2024,강남구,단독주택,20년~30년미만,2800
2024,송파구,단독주택,20년~30년미만,1716
2024,강동구,단독주택,20년~30년미만,1641
2024,종로구,아파트,20년~30년미만,5375
2024,중구,아파트,20년~30년미만,11203
2024,용산구,아파트,20년~30년미만,15840
2024,성동구,아파트,20년~30년미만,31628
2024,광진구,아파트,20년~30년미만,15506
2024,동대문구,아파트,20년~30년미만,28101
2024,중랑구,아파트,20년~30년미만,29383
2024,성북구,아파트,20년~30년미만,31911
2024,강북구,아파트,20년~30년미만,15656
2024,도봉구,아파트,20년~30년미만,29001
2024,노원구,아파트,20년~30년미만,59041
2024,은평구,아파트,20년~30년미만,14089
2024,서대문구,아파트,20년~30년미만,22224
2024,마포구,아파트,20년~30년미만,29308
2024,양천구,아파트,20년~30년미만,35912
2024,강서구,아파트,20년~30년미만,39631
2024,구로구,아파트,20년~30년미만,40661
2024,금천구,아파트,20년~30년미만,16531
2024,영등포구,아파트,20년~30년미만,29858
2024,동작구,아파트,20년~30년미만,22689
2024,관악구,아파트,20년~30년미만,29064
2024,서초구,아파트,20년~30년미만,21917
2024,강남구,아파트,20년~30년미만,24777
2024,송파구,아파트,20년~30년미만,23901
2024,강동구,아파트,20년~30년미만,23722
2024,종로구,연립주택,20년~30년미만,2119
2024,중구,연립주택,20년~30년미만,1140
2024,용산구,연립주택,20년~30년미만,1797
2024,성동구,연립주택,20년~30년미만,358
2024,광진구,연립주택,20년~30년미만,1763
2024,동대문구,연립주택,20년~30년미만,929
2024,중랑구,연립주택,20년~30년미만,1200
2024,성북구,연립주택,20년~30년미만,2469
2024,강북구,연립주택,20년~30년미만,1987
2024,도봉구,연립주택,20년~30년미만,1565
2024,노원구,연립주택,20년~30년미만,1943
2024,은평구,연립주택,20년~30년미만,2395
2024,서대문구,연립주택,20년~30년미만,2379
2024,마포구,연립주택,20년~30년미만,1122
2024,양천구,연립주택,20년~30년미만,961
2024,강서구,연립주택,20년~30년미만,1468
2024,구로구,연립주택,20년~30년미만,1494
2024,금천구,연립주택,20년~30년미만,1146
2024,영등포구,연립주택,20년~30년미만,377
2024,동작구,연립주택,20년~30년미만,2347
2024,관악구,연립주택,20년~30년미만,3359
2024,서초구,연립주택,20년~30년미만,1897
2024,강남구,연립주택,20년~30년미만,2162
2024,송파구,연립주택,20년~30년미만,1205
2024,강동구,연립주택,20년~30년미만,1042
2024,종로구,다세대주택,20년~30년미만,7963
2024,중구,다세대주택,20년~30년미만,3209
2024,용산구,다세대주택,20년~30년미만,5170
2024,성동구,다세대주택,20년~30년미만,3140
2024,광진구,다세대주택,20년~30년미만,10088
2024,동대문구,다세대주택,20년~30년미만,2863
2024,중랑구,다세대주택,20년~30년미만,6280
2024,성북구,다세대주택,20년~30년미만,8297
2024,강북구,다세대주택,20년~30년미만,10495
2024,도봉구,다세대주택,20년~30년미만,8202
2024,노원구,다세대주택,20년~30년미만,4439
2024,은평구,다세대주택,20년~30년미만,19273
2024,서대문구,다세대주택,20년~30년미만,7914
2024,마포구,다세대주택,20년~30년미만,8247
2024,양천구,다세대주택,20년~30년미만,9810
2024,강서구,다세대주택,20년~30년미만,24259
2024,구로구,다세대주택,20년~30년미만,9060
2024,금천구,다세대주택,20년~30년미만,5266
2024,영등포구,다세대주택,20년~30년미만,3475
2024,동작구,다세대주택,20년~30년미만,8601
2024,관악구,다세대주택,20년~30년미만,11195
2024,서초구,다세대주택,20년~30년미만,7181
2024,강남구,다세대주택,20년~30년미만,14486
2024,송파구,다세대주택,20년~30년미만,25016
2024,강동구,다세대주택,20년~30년미만,7386
2024,종로구,단독주택,30년 이상,8901
2024,중구,단독주택,30년 이상,4694
2024,용산구,단독주택,30년 이상,10967
2024,성동구,단독주택,30년 이상,7736
2024,광진구,단독주택,30년 이상,9745
2024,동대문구,단독주택,30년 이상,12904
2024,중랑구,단독주택,30년 이상,13652
2024,성북구,단독주택,30년 이상,16591
2024,강북구,단독주택,30년 이상,13420
2024,도봉구,단독주택,30년 이상,6234
2024,노원구,단독주택,30년 이상,4529
2024,은평구,단독주택,30년 이상,10730
2024,서대문구,단독주택,30년 이상,9381
2024,마포구,단독주택,30년 이상,7283
2024,양천구,단독주택,30년 이상,5869
2024,강서구,단독주택,30년 이상,6799
2024,구로구,단독주택,30년 이상,9217
2024,금천구,단독주택,30년 이상,7004
2024,영등포구,단독주택,30년 이상,10854
2024,동작구,단독주택,30년 이상,9183
2024,관악구,단독주택,30년 이상,13071
2024,서초구,단독주택,30년 이상,2569
2024,강남구,단독주택,30년 이상,2598
2024,송파구,단독주택,30년 이상,5487
2024,강동구,단독주택,30년 이상,6991
2024,종로구,아파트,30년 이상,2823
2024,중구,아파트,30년 이상,2722
2024,용산구,아파트,30년 이상,8452
2024,성동구,아파트,30년 이상,8950
2024,광진구,아파트,30년 이상,8620
2024,동대문구,아파트,30년 이상,7004
2024,중랑구,아파트,30년 이상,7450
2024,성북구,아파트,30년 이상,3325
2024,강북구,아파트,30년 이상,9518
2024,도봉구,아파트,30년 이상,31656
2024,노원구,아파트,30년 이상,92209
2024,은평구,아파트,30년 이상,5116
2024,서대문구,아파트,30년 이상,7371
2024,마포구,아파트,30년 이상,8605
2024,양천구,아파트,30년 이상,32704
2024,강서구,아파트,30년 이상,32275
2024,구로구,아파트,30년 이상,13907
2024,금천구,아파트,30년 이상,6158
2024,영등포구,아파트,30년 이상,22024
2024,동작구,아파트,30년 이상,15065
2024,관악구,아파트,30년 이상,7803
2024,서초구,아파트,30년 이상,20467
2024,강남구,아파트,30년 이상,53530
2024,송파구,아파트,30년 이상,39397
2024,강동구,아파트,30년 이상,13741
2024,종로구,연립주택,30년 이상,2932
2024,중구,연립주택,30년 이상,648
2024,용산구,연립주택,30년 이상,1431
2024,성동구,연립주택,30년 이상,1327
2024,광진구,연립주택,30년 이상,1922
2024,동대문구,연립주택,30년 이상,1476
2024,중랑구,연립주택,30년 이상,2354
2024,성북구,연립주택,30년 이상,2892
2024,강북구,연립주택,30년 이상,2077
2024,도봉구,연립주택,30년 이상,1835
2024,노원구,연립주택,30년 이상,1040
2024,은평구,연립주택,30년 이상,2539
2024,서대문구,연립주택,30년 이상,2440
2024,마포구,연립주택,30년 이상,1490
2024,양천구,연립주택,30년 이상,2403
2024,강서구,연립주택,30년 이상,2468
2024,구로구,연립주택,30년 이상,4911
2024,금천구,연립주택,30년 이상,2426
2024,영등포구,연립주택,30년 이상,799
2024,동작구,연립주택,30년 이상,1948
2024,관악구,연립주택,30년 이상,2338
2024,서초구,연립주택,30년 이상,2667
2024,강남구,연립주택,30년 이상,2425
2024,송파구,연립주택,30년 이상,2742
2024,강동구,연립주택,30년 이상,1817
2024,종로구,다세대주택,30년 이상,1551
2024,중구,다세대주택,30년 이상,1178
2024,용산구,다세대주택,30년 이상,4649
2024,성동구,다세대주택,30년 이상,2226
2024,광진구,다세대주택,30년 이상,3356
2024,동대문구,다세대주택,30년 이상,2179
2024,중랑구,다세대주택,30년 이상,3002
2024,성북구,다세대주택,30년 이상,5101
2024,강북구,다세대주택,30년 이상,11658
2024,도봉구,다세대주택,30년 이상,7549
2024,노원구,다세대주택,30년 이상,4023
2024,은평구,다세대주택,30년 이상,14897
2024,서대문구,다세대주택,30년 이상,7522
2024,마포구,다세대주택,30년 이상,9610
2024,양천구,다세대주택,30년 이상,12867
2024,강서구,다세대주택,30년 이상,7846
2024,구로구,다세대주택,30년 이상,5318
2024,금천구,다세대주택,30년 이상,2625
2024,영등포구,다세대주택,30년 이상,1872
2024,동작구,다세대주택,30년 이상,6344
2024,관악구,다세대주택,30년 이상,12576
2024,서초구,다세대주택,30년 이상,3891
2024,강남구,다세대주택,30년 이상,3910
2024,송파구,다세대주택,30년 이상,9058
2024,강동구,다세대주택,30년 이상,4647
2025,종로구,단독주택,20년~30년미만,1343
2025,중구,단독주택,20년~30년미만,637
2025,용산구,단독주택,20년~30년미만,1341
2025,성동구,단독주택,20년~30년미만,881
2025,광진구,단독주택,20년~30년미만,2712
2025,동대문구,단독주택,20년~30년미만,1591
2025,중랑구,단독주택,20년~30년미만,1757
2025,성북구,단독주택,20년~30년미만,2122
2025,강북구,단독주택,20년~30년미만,1719
2025,도봉구,단독주택,20년~30년미만,1159
2025,노원구,단독주택,20년~30년미만,855
2025,은평구,단독주택,20년~30년미만,1166
2025,서대문구,단독주택,20년~30년미만,1313
2025,마포구,단독주택,20년~30년미만,1935
2025,양천구,단독주택,20년~30년미만,980
2025,강서구,단독주택,20년~30년미만,1655
2025,구로구,단독주택,20년~30년미만,979
2025,금천구,단독주택,20년~30년미만,729
2025,영등포구,단독주택,20년~30년미만,1283
2025,동작구,단독주택,20년~30년미만,1229
2025,관악구,단독주택,20년~30년미만,3071
2025,서초구,단독주택,20년~30년미만,1387
2025,강남구,단독주택,20년~30년미만,2465
2025,송파구,단독주택,20년~30년미만,1499
2025,강동구,단독주택,20년~30년미만,1442
2025,종로구,아파트,20년~30년미만,5528
2025,중구,아파트,20년~30년미만,11301
2025,용산구,아파트,20년~30년미만,15707
2025,성동구,아파트,20년~30년미만,32922
2025,광진구,아파트,20년~30년미만,15253
2025,동대문구,아파트,20년~30년미만,30258
2025,중랑구,아파트,20년~30년미만,30296
2025,성북구,아파트,20년~30년미만,39568
2025,강북구,아파트,20년~30년미만,16111
2025,도봉구,아파트,20년~30년미만,25566
2025,노원구,아파트,20년~30년미만,51026
2025,은평구,아파트,20년~30년미만,14759
2025,서대문구,아파트,20년~30년미만,22486
2025,마포구,아파트,20년~30년미만,33059
2025,양천구,아파트,20년~30년미만,39271
2025,강서구,아파트,20년~30년미만,34654
2025,구로구,아파트,20년~30년미만,42002
2025,금천구,아파트,20년~30년미만,16618
2025,영등포구,아파트,20년~30년미만,31253
2025,동작구,아파트,20년~30년미만,24262
2025,관악구,아파트,20년~30년미만,33820
2025,서초구,아파트,20년~30년미만,24955
2025,강남구,아파트,20년~30년미만,28687
2025,송파구,아파트,20년~30년미만,24026
2025,강동구,아파트,20년~30년미만,25361
2025,종로구,연립주택,20년~30년미만,1982
2025,중구,연립주택,20년~30년미만,992
2025,용산구,연립주택,20년~30년미만,1621
2025,성동구,연립주택,20년~30년미만,323
2025,광진구,연립주택,20년~30년미만,1546
2025,동대문구,연립주택,20년~30년미만,823
2025,중랑구,연립주택,20년~30년미만,886
2025,성북구,연립주택,20년~30년미만,2094
2025,강북구,연립주택,20년~30년미만,1783
2025,도봉구,연립주택,20년~30년미만,1293
2025,노원구,연립주택,20년~30년미만,1805
2025,은평구,연립주택,20년~30년미만,1847
2025,서대문구,연립주택,20년~30년미만,2083
2025,마포구,연립주택,20년~30년미만,844
2025,양천구,연립주택,20년~30년미만,709
2025,강서구,연립주택,20년~30년미만,1207
2025,구로구,연립주택,20년~30년미만,1294
2025,금천구,연립주택,20년~30년미만,932
2025,영등포구,연립주택,20년~30년미만,322
2025,동작구,연립주택,20년~30년미만,2064
2025,관악구,연립주택,20년~30년미만,2703
2025,서초구,연립주택,20년~30년미만,1542
2025,강남구,연립주택,20년~30년미만,2045
2025,송파구,연립주택,20년~30년미만,897
2025,강동구,연립주택,20년~30년미만,901
2025,종로구,다세대주택,20년~30년미만,7542
2025,중구,다세대주택,20년~30년미만,3190
2025,용산구,다세대주택,20년~30년미만,5035
2025,성동구,다세대주택,20년~30년미만,2884
2025,광진구,다세대주택,20년~30년미만,10020
2025,동대문구,다세대주택,20년~30년미만,2873
2025,중랑구,다세대주택,20년~30년미만,6150
2025,성북구,다세대주택,20년~30년미만,7828
2025,강북구,다세대주택,20년~30년미만,9339
2025,도봉구,다세대주택,20년~30년미만,7625
2025,노원구,다세대주택,20년~30년미만,4154
2025,은평구,다세대주택,20년~30년미만,18327
2025,서대문구,다세대주택,20년~30년미만,7782
2025,마포구,다세대주택,20년~30년미만,7912
2025,양천구,다세대주택,20년~30년미만,9518
2025,강서구,다세대주택,20년~30년미만,23807
2025,구로구,다세대주택,20년~30년미만,8900
2025,금천구,다세대주택,20년~30년미만,5217
2025,영등포구,다세대주택,20년~30년미만,3466
2025,동작구,다세대주택,20년~30년미만,8295
2025,관악구,다세대주택,20년~30년미만,10798
2025,서초구,다세대주택,20년~30년미만,7257
2025,강남구,다세대주택,20년~30년미만,14361
2025,송파구,다세대주택,20년~30년미만,26091
2025,강동구,다세대주택,20년~30년미만,7611
2025,종로구,단독주택,30년 이상,9141
2025,중구,단독주택,30년 이상,4799
2025,용산구,단독주택,30년 이상,11324
2025,성동구,단독주택,30년 이상,8063
2025,광진구,단독주택,30년 이상,10310
2025,동대문구,단독주택,30년 이상,13191
2025,중랑구,단독주택,30년 이상,14181
2025,성북구,단독주택,30년 이상,16984
2025,강북구,단독주택,30년 이상,13905
2025,도봉구,단독주택,30년 이상,6597
2025,노원구,단독주택,30년 이상,4081
2025,은평구,단독주택,30년 이상,10981
2025,서대문구,단독주택,30년 이상,9663
2025,마포구,단독주택,30년 이상,7678
2025,양천구,단독주택,30년 이상,6043
2025,강서구,단독주택,30년 이상,7037
2025,구로구,단독주택,30년 이상,9607
2025,금천구,단독주택,30년 이상,7188
2025,영등포구,단독주택,30년 이상,11206
2025,동작구,단독주택,30년 이상,9270
2025,관악구,단독주택,30년 이상,13633
2025,서초구,단독주택,30년 이상,2747
2025,강남구,단독주택,30년 이상,2873
2025,송파구,단독주택,30년 이상,5616
2025,강동구,단독주택,30년 이상,7186
2025,종로구,아파트,30년 이상,2868
2025,중구,아파트,30년 이상,2723
2025,용산구,아파트,30년 이상,9528
2025,성동구,아파트,30년 이상,9603
2025,광진구,아파트,30년 이상,9236
2025,동대문구,아파트,30년 이상,6776
2025,중랑구,아파트,30년 이상,8008
2025,성북구,아파트,30년 이상,3549
2025,강북구,아파트,30년 이상,9597
2025,도봉구,아파트,30년 이상,36534
2025,노원구,아파트,30년 이상,102464
2025,은평구,아파트,30년 이상,5136
2025,서대문구,아파트,30년 이상,8176
2025,마포구,아파트,30년 이상,8606
2025,양천구,아파트,30년 이상,33358
2025,강서구,아파트,30년 이상,44532
2025,구로구,아파트,30년 이상,14315
2025,금천구,아파트,30년 이상,6257
2025,영등포구,아파트,30년 이상,21917
2025,동작구,아파트,30년 이상,16985
2025,관악구,아파트,30년 이상,8998
2025,서초구,아파트,30년 이상,20750
2025,강남구,아파트,30년 이상,54044
2025,송파구,아파트,30년 이상,41198
2025,강동구,아파트,30년 이상,13993
2025,종로구,연립주택,30년 이상,3050
2025,중구,연립주택,30년 이상,765
2025,용산구,연립주택,30년 이상,1607
2025,성동구,연립주택,30년 이상,1248
2025,광진구,연립주택,30년 이상,2087
2025,동대문구,연립주택,30년 이상,1586
2025,중랑구,연립주택,30년 이상,2622
2025,성북구,연립주택,30년 이상,3274
2025,강북구,연립주택,30년 이상,2342
2025,도봉구,연립주택,30년 이상,2124
2025,노원구,연립주택,30년 이상,1190
2025,은평구,연립주택,30년 이상,3030
2025,서대문구,연립주택,30년 이상,2681
2025,마포구,연립주택,30년 이상,1791
2025,양천구,연립주택,30년 이상,2626
2025,강서구,연립주택,30년 이상,2729
2025,구로구,연립주택,30년 이상,5160
2025,금천구,연립주택,30년 이상,2649
2025,영등포구,연립주택,30년 이상,828
2025,동작구,연립주택,30년 이상,2271
2025,관악구,연립주택,30년 이상,3014
2025,서초구,연립주택,30년 이상,3026
2025,강남구,연립주택,30년 이상,2485
2025,송파구,연립주택,30년 이상,3054
2025,강동구,연립주택,30년 이상,1938
2025,종로구,다세대주택,30년 이상,2127
2025,중구,다세대주택,30년 이상,1262
2025,용산구,다세대주택,30년 이상,4522
2025,성동구,다세대주택,30년 이상,2663
2025,광진구,다세대주택,30년 이상,3732
2025,동대문구,다세대주택,30년 이상,2292
2025,중랑구,다세대주택,30년 이상,3405
2025,성북구,다세대주택,30년 이상,5738
2025,강북구,다세대주택,30년 이상,12967
2025,도봉구,다세대주택,30년 이상,8231
2025,노원구,다세대주택,30년 이상,4449
2025,은평구,다세대주택,30년 이상,16270
2025,서대문구,다세대주택,30년 이상,7960
2025,마포구,다세대주택,30년 이상,10068
2025,양천구,다세대주택,30년 이상,13254
2025,강서구,다세대주택,30년 이상,8550
2025,구로구,다세대주택,30년 이상,5747
2025,금천구,다세대주택,30년 이상,2805
2025,영등포구,다세대주택,30년 이상,1959
2025,동작구,다세대주택,30년 이상,6704
2025,관악구,다세대주택,30년 이상,13289
2025,서초구,다세대주택,30년 이상,4207
2025,강남구,다세대주택,30년 이상,4259
2025,송파구,다세대주택,30년 이상,9467
2025,강동구,다세대주택,30년 이상,4829
